__pk_ResourceAttribute_ID,Information Level,_fk_ObjectType_ID,_fk_ResourceType_ID,Base Attribute,CI ID,Default Widget ID,Description,Name
"2010674","2","2480187","2190017","","2010674","2130023","A place to acknowledge various types of support provided by the project that produced the data","acknowledgement"
"2010435","4","2480186","2190017","","2010435","2130023","List of users who have initiated but not terminated ""acquire"" for the data product","active_user_subscriptions"
"2012001","0","2480185","2190014","2013452","","2130023","The status roll-up that summarizes the entire status of the device","aggregated_status"
"2012002","0","2480185","2190011","2013452","","2130023","The status roll-up that summarizes the entire status of the device","aggregated_status"
"2010037","0","2480187","2190012","","2010037","2130023","","baud_rate_default"
"2010050","0","2480184","2190012","","2010050","2130023","","clock_max_drift"
"2010051","2","2480187","2190012","","2010051","2130023","","clock_notes"
"2010380","0","2480185","2190011","","2010380","2130023","Gives the status as a red, yellow, green or black (unassessed)","communications_status_roll_up"
"2010271","","2480188","2190037","","2010271","2130023","","contact"
"2010273","","2480188","2190038","","2010273","2130023","","contact"
"2010015","2","2480182","2190011","2010784","","2130023","Whether the device can be sent a control message","controllable"
"2010746","2","2480182","2190014","2010784","","2130023","Whether the device can be sent a control message","controllable"
"2010784","2","2480182","2190059","","2010784","2130023","Whether the device can be sent a control message","controllable"
"2010116","0","2480187","2190017","","2010116","2130023","Indicates the OOI-defined processing level","processing_level_code"
"2010117","0","2480187","2190017","","2010117","2130023","The quality control level of the data product.  A = no QC, b = automated QC, c = human QC","quality_control_level"
"2010381","0","2480185","2190011","","2010381","2130023","Gives the status as a red, yellow, green or black (unassessed)","data_status_roll_up"
"2010266","0","2480207","2190037","","2010266","2130023","","dataset_description"
"2010268","","2480187","2190037","","2010268","2130023","url to the resource on an external sytem","dataset_path"
"2010189","0","2480187","2190022","","2010189","2130023","","definition_type"
"2010175","0","2480187","2190020","2012435","","2130023","human-readable description of the resource","description"
"2010532","0","2480187","2190059","2012435","","2130023","human-readable description of the resource","description"
"2010693","0","2480187","2190010","2012435","","2130023","human-readable description of the resource","description"
"2010710","0","2480187","2190071","2012435","","2130023","human-readable description of the resource","description"
"2010730","0","2480187","2190011","2012435","","2130023","human-readable description of the resource","description"
"2010748","0","2480187","2190014","2012435","","2130023","human-readable description of the resource","description"
"2010766","0","2480187","2190045","2012435","","2130023","human-readable description of the resource","description"
"2010899","0","2480187","2190015","2012435","","2130023","human-readable description of the resource","description"
"2010917","0","2480187","2190016","2012435","","2130023","human-readable description of the resource","description"
"2010935","0","2480187","2190017","2012435","","2130023","human-readable description of the resource","description"
"2010986","0","2480187","2190025","2012435","","2130023","human-readable description of the resource","description"
"2011057","0","2480187","2190029","2012435","","2130023","human-readable description of the resource","description"
"2011090","0","2480187","2190032","2012435","","2130023","human-readable description of the resource","description"
"2011142","0","2480187","2190038","2012435","","2130023","human-readable description of the resource","description"
"2011281","0","2480187","2190058","2012435","","2130023","human-readable description of the resource","description"
"2011334","0","2480187","2190062","2012435","","2130023","human-readable description of the resource","description"
"2011496","0","2480187","2190073","2012435","","2130023","human-readable description of the resource","description"
"2011586","0","2480187","2190078","2012435","","2130023","human-readable description of the resource","description"
"2011622","0","2480187","2190080","2012435","","2130023","human-readable description of the resource","description"
"2011658","0","2480187","2190082","2012435","","2130023","human-readable description of the resource","description"
"2011766","0","2480187","2190092","2012435","","2130023","human-readable description of the resource","description"
"2011820","0","2480187","2190100","2012435","","2130023","human-readable description of the resource","description"
"2011856","0","2480187","2190102","2012435","","2130023","human-readable description of the resource","description"
"2011882","0","2480187","2190084","2012435","","2130023","human-readable description of the resource","description"
"2011908","0","2480187","2190094","2012435","","2130023","human-readable description of the resource","description"
"2011934","0","2480187","2190097","2012435","","2130023","human-readable description of the resource","description"
"2011952","0","2480187","2190090","2012435","","2130023","human-readable description of the resource","description"
"2012046","0","2480187","2190110","2012435","","2130023","human-readable description of the resource","description"
"2012064","0","2480187","2190112","2012435","","2130023","human-readable description of the resource","description"
"2012082","0","2480187","2190134","2012435","","2130023","human-readable description of the resource","description"
"2012100","0","2480187","2190108","2012435","","2130023","human-readable description of the resource","description"
"2012172","0","2480187","2190130","2012435","","2130023","human-readable description of the resource","description"
"2012190","0","2480187","2190131","2012435","","2130023","human-readable description of the resource","description"
"2012208","0","2480187","2190135","2012435","","2130023","human-readable description of the resource","description"
"2012226","0","2480187","2190109","2012435","","2130023","human-readable description of the resource","description"
"2012244","0","2480187","2190111","2012435","","2130023","human-readable description of the resource","description"
"2012262","0","2480187","2190133","2012435","","2130023","human-readable description of the resource","description"
"2012435","0","2480187","2190009","","2012435","2130023","human-readable description of the resource","description"
"2012524","0","2480187","2190022","2012435","","2130023","human-readable description of the resource","description"
"2012526","0","2480187","2190037","2012435","","2130023","human-readable description of the resource","description"
"2012528","0","2480187","2190043","2012435","","2130023","human-readable description of the resource","description"
"2012529","0","2480187","2190044","2012435","","2130023","human-readable description of the resource","description"
"2012734","0","2480187","2190012","2012435","","2130023","human-readable description of the resource","description"
"2010073","2","2480187","2190012","","2010073","2130023","","electrical_notes"
"2010018","1","2480187","2190011","","2010018","2130023","Identifier of hard-coded operating system in unit","firmware_version"
"2010228","","2480187","2190030","","2010228","2130023","Identifier of hard-coded operating system in unit","firmware_version"
"2010135","0","2480190","2190017","","2010135","2130023","specifies both limits of the resource's  latitude, longitude, and optionally vertical position, with respect to a geospatial CRS","geospatial_bounds"
"2012836","","2480184","2190082","","2013396","2130023","measurement of device size orthogonal to length and width (typically from bottom to top as mounted or resting) in meters","height"
"2010074","0","2480187","2190012","","2010074","2130023","","hotel_current"
"2010001","0","2480187","2190011","2010688","","2130023","unique ID","_id"
"2010651","0","2480187","2190014","2010688","","2130023","unique ID","_id"
"2010688","0","2480187","2190009","","2010688","2130023","unique ID","_id"
"2010707","0","2480187","2190010","2010688","","2130023","unique ID","_id"
"2010724","0","2480187","2190071","2010688","","2130023","unique ID","_id"
"2010780","0","2480187","2190045","2010688","","2130023","unique ID","_id"
"2010799","0","2480187","2190059","2010688","","2130023","unique ID","_id"
"2010895","0","2480187","2190012","2010688","","2130023","unique ID","_id"
"2010913","0","2480187","2190015","2010688","","2130023","unique ID","_id"
"2010931","0","2480187","2190016","2010688","","2130023","unique ID","_id"
"2010983","0","2480187","2190022","2010688","","2130023","unique ID","_id"
"2011000","0","2480187","2190025","2010688","","2130023","unique ID","_id"
"2011071","0","2480187","2190029","2010688","","2130023","unique ID","_id"
"2011104","0","2480187","2190032","2010688","","2130023","unique ID","_id"
"2011156","0","2480187","2190038","2010688","","2130023","unique ID","_id"
"2011245","0","2480187","2190043","2010688","","2130023","unique ID","_id"
"2011262","0","2480187","2190044","2010688","","2130023","unique ID","_id"
"2011295","0","2480187","2190058","2010688","","2130023","unique ID","_id"
"2011348","0","2480187","2190062","2010688","","2130023","unique ID","_id"
"2011510","0","2480187","2190073","2010688","","2130023","unique ID","_id"
"2011600","0","2480187","2190078","2010688","","2130023","unique ID","_id"
"2011636","0","2480187","2190080","2010688","","2130023","unique ID","_id"
"2011672","0","2480187","2190082","2010688","","2130023","unique ID","_id"
"2011780","0","2480187","2190092","2010688","","2130023","unique ID","_id"
"2011834","0","2480187","2190100","2010688","","2130023","unique ID","_id"
"2011870","0","2480187","2190102","2010688","","2130023","unique ID","_id"
"2011896","0","2480187","2190084","2010688","","2130023","unique ID","_id"
"2011922","0","2480187","2190094","2010688","","2130023","unique ID","_id"
"2011948","0","2480187","2190097","2010688","","2130023","unique ID","_id"
"2011966","0","2480187","2190090","2010688","","2130023","unique ID","_id"
"2011983","0","2480187","2190020","2010688","","2130023","unique ID","_id"
"2012060","0","2480187","2190110","2010688","","2130023","unique ID","_id"
"2012078","0","2480187","2190112","2010688","","2130023","unique ID","_id"
"2012096","0","2480187","2190134","2010688","","2130023","unique ID","_id"
"2012114","0","2480187","2190108","2010688","","2130023","unique ID","_id"
"2012186","0","2480187","2190130","2010688","","2130023","unique ID","_id"
"2012204","0","2480187","2190131","2010688","","2130023","unique ID","_id"
"2012222","0","2480187","2190135","2010688","","2130023","unique ID","_id"
"2012240","0","2480187","2190109","2010688","","2130023","unique ID","_id"
"2012258","0","2480187","2190111","2010688","","2130023","unique ID","_id"
"2012276","0","2480187","2190133","2010688","","2130023","unique ID","_id"
"2012523","0","2480187","2190017","2010688","","2130023","unique ID","_id"
"2012527","0","2480187","2190037","2010688","","2130023","unique ID","_id"
"2010537","4","2480186","2190059","","2010537","2130023","List of URLs with information about the device","reference_urls"
"2010044","1","2480182","2190012","","2010044","2130023","Can you manage the system while it is operating","inline_management"
"2010272","","2480188","2190038","","2010272","2130023","","institution"
"2010033","2","2480186","2190012","","2010033","2130023","The list of instrument classes this instrument model can support","instrument_classes_supported"
"2010032","0","2480187","2190012","","2010032","2130023","The family of instrument","instrument_family"
"2010077","2","2480182","2190012","","2010077","2130023","","integrated_inductive_modem_available"
"2010078","0","2480182","2190012","","2010078","2130023","","internal_battery"
"2010060","0","2480182","2190012","","2010060","2130023","","internal_data_storage"
"2010101","2","2480187","2190015","","2010101","2130023","Whether ION software is run on platform resources","ci_onboard"
"2010120","0","2480187","2190017","","2010120","2130023","From ISO:method used to spatially representgeographic information","iso_spatial_representation_type"
"2010672","2","2480186","2190017","","2010672","2130023","one or more of the topic categories from ISO 19115","iso_topic_category"
"2010111","2","2480186","2190017","","2010111","2130023","Returns a list of keyword/authority pairs with optional urls","descriptors"
"2010152","0","2480203","2190017","","2010152","2130023","the datetime of the earliest and latest values in the data product","data_datetime"
"2011997","0","2480187","2190011","","2011997","2130023","timestamp of most recent record, converted to ISO 861","last_data_received_datetime"
"2010004","0","2480187","2190011","2012436","","2130023","lifecycle state","lcstate"
"2010694","0","2480187","2190010","2012436","","2130023","lifecycle state","lcstate"
"2010711","0","2480187","2190071","2012436","","2130023","lifecycle state","lcstate"
"2010749","0","2480187","2190014","2012436","","2130023","lifecycle state","lcstate"
"2010767","0","2480187","2190045","2012436","","2130023","lifecycle state","lcstate"
"2010786","0","2480187","2190059","2012436","","2130023","lifecycle state","lcstate"
"2010882","0","2480187","2190012","2012436","","2130023","lifecycle state","lcstate"
"2010900","0","2480187","2190015","2012436","","2130023","lifecycle state","lcstate"
"2010918","0","2480187","2190016","2012436","","2130023","lifecycle state","lcstate"
"2010936","0","2480187","2190017","2012436","","2130023","lifecycle state","lcstate"
"2010970","0","2480187","2190022","2012436","","2130023","lifecycle state","lcstate"
"2010987","0","2480187","2190025","2012436","","2130023","lifecycle state","lcstate"
"2011058","0","2480187","2190029","2012436","","2130023","lifecycle state","lcstate"
"2011091","0","2480187","2190032","2012436","","2130023","lifecycle state","lcstate"
"2011126","0","2480187","2190037","2012436","","2130023","lifecycle state","lcstate"
"2011143","0","2480187","2190038","2012436","","2130023","lifecycle state","lcstate"
"2011232","0","2480187","2190043","2012436","","2130023","lifecycle state","lcstate"
"2011249","0","2480187","2190044","2012436","","2130023","lifecycle state","lcstate"
"2011282","0","2480187","2190058","2012436","","2130023","lifecycle state","lcstate"
"2011335","0","2480187","2190062","2012436","","2130023","lifecycle state","lcstate"
"2011497","0","2480187","2190073","2012436","","2130023","lifecycle state","lcstate"
"2011587","0","2480187","2190078","2012436","","2130023","lifecycle state","lcstate"
"2011623","0","2480187","2190080","2012436","","2130023","lifecycle state","lcstate"
"2011659","0","2480187","2190082","2012436","","2130023","lifecycle state","lcstate"
"2011767","0","2480187","2190092","2012436","","2130023","lifecycle state","lcstate"
"2011821","0","2480187","2190100","2012436","","2130023","lifecycle state","lcstate"
"2011857","0","2480187","2190102","2012436","","2130023","lifecycle state","lcstate"
"2011883","0","2480187","2190084","2012436","","2130023","lifecycle state","lcstate"
"2011909","0","2480187","2190094","2012436","","2130023","lifecycle state","lcstate"
"2011935","0","2480187","2190097","2012436","","2130023","lifecycle state","lcstate"
"2011953","0","2480187","2190090","2012436","","2130023","lifecycle state","lcstate"
"2011970","0","2480187","2190020","2012436","","2130023","lifecycle state","lcstate"
"2012047","4","2480187","2190110","2012436","","2130023","lifecycle state","lcstate"
"2012065","4","2480187","2190112","2012436","","2130023","lifecycle state","lcstate"
"2012083","4","2480187","2190134","2012436","","2130023","lifecycle state","lcstate"
"2012101","0","2480187","2190108","2012436","","2130023","lifecycle state","lcstate"
"2012173","0","2480187","2190130","2012436","","2130023","lifecycle state","lcstate"
"2012191","0","2480187","2190131","2012436","","2130023","lifecycle state","lcstate"
"2012209","0","2480187","2190135","2012436","","2130023","lifecycle state","lcstate"
"2012227","0","2480187","2190109","2012436","","2130023","lifecycle state","lcstate"
"2012245","0","2480187","2190111","2012436","","2130023","lifecycle state","lcstate"
"2012263","0","2480187","2190133","2012436","","2130023","lifecycle state","lcstate"
"2012436","","2480187","2190009","","2012436","2130023","lifecycle state","lcstate"
"2012834","","2480184","2190082","","2013394","2130023","measurement of device size, generally along the longest (alternatively, the facing) side-to-side dimension, in meters","length"
"2010122","0","2480187","2190017","","2010122","2130023","Links to a description of the permissions and restrictions for access to and distribution of OOI data","license_uri"
"2010382","0","2480185","2190011","","2010382","2130023","Gives the status as a red, yellow, green or black (unassessed)","location_status_roll_up"
"2010519","2","2480187","2190058","","2010519","2130023","","mac_address"
"2010348","0","2480187","2190082","","2010348","2130023","The name of the manufacturer","manufacturer"
"2010599","4","2480187","2190062","2010348","","2130023","The name of the manufacturer","manufacturer"
"2010173","0","2480187","2190082","","2010173","2130023","The URL of the manufacturer. Note that only one is allowed","manufacturer_url"
"2012920","0","2480187","2190012","2010173","","2130023","The URL of the manufacturer. Note that only one is allowed","manufacturer_url"
"2012925","0","2480187","2190015","2010173","","2130023","The URL of the manufacturer. Note that only one is allowed","manufacturer_url"
"2012931","0","2480187","2190062","2010173","","2130023","The URL of the manufacturer. Note that only one is allowed","manufacturer_url"
"2012943","0","2480187","2190135","2010173","","2130023","The URL of the manufacturer. Note that only one is allowed","manufacturer_url"
"2010728","2","2480187","2190010","","2010728","2130023","can this resource be controlled by messages sent to it","message_controllable"
"2010535","4","2480187","2190082","","2010535","2130023","The model name/code provided by the manufacturer","model"
"2012099","4","2480187","2190108","","2013168","2130023","type of attachment (PDF document, PNG image, etc); expressed as standard MIME types","content_type"
"2010043","1","2480182","2190012","","2010043","2130023","Polled vs...","mixed_sampling_mode"
"2010783","2","2480187","2190010","","2010783","2130023","A device that has a communication port for real-time monitoring","monitorable"
"2010174","0","2480187","2190020","2010690","","2130023","A human-generated, human-readable name. Does not need to be unique.","name"
"2010188","0","2480187","2190022","2010690","","2130023","A human-generated, human-readable name. Does not need to be unique.","name"
"2010371","0","2480187","2190011","2010690","","2130023","A human-generated, human-readable name. Does not need to be unique.","name"
"2010372","0","2480187","2190014","2010690","","2130023","A human-generated, human-readable name. Does not need to be unique.","name"
"2010475","2","2480187","2190058","2010690","","2130023","A human-generated, human-readable name. Does not need to be unique.","name"
"2010531","0","2480187","2190059","2010690","","2130023","A human-generated, human-readable name. Does not need to be unique.","name"
"2010690","0","2480187","2190009","","2010690","2130023","A human-generated, human-readable name. Does not need to be unique.","name"
"2010709","0","2480187","2190010","2010690","","2130023","A human-generated, human-readable name. Does not need to be unique.","name"
"2010726","0","2480187","2190071","2010690","","2130023","A human-generated, human-readable name. Does not need to be unique.","name"
"2010782","0","2480187","2190045","2010690","","2130023","A human-generated, human-readable name. Does not need to be unique.","name"
"2010897","0","2480187","2190012","2010690","","2130023","A human-generated, human-readable name. Does not need to be unique.","name"
"2010915","0","2480187","2190015","2010690","","2130023","A human-generated, human-readable name. Does not need to be unique.","name"
"2010933","0","2480187","2190016","2010690","","2130023","A human-generated, human-readable name. Does not need to be unique.","name"
"2010950","0","2480187","2190017","2010690","","2130023","A human-generated, human-readable name. Does not need to be unique.","name"
"2011002","0","2480187","2190025","2010690","","2130023","A human-generated, human-readable name. Does not need to be unique.","name"
"2011073","0","2480187","2190029","2010690","","2130023","A human-generated, human-readable name. Does not need to be unique.","name"
"2011106","0","2480187","2190032","2010690","","2130023","A human-generated, human-readable name. Does not need to be unique.","name"
"2011140","0","2480187","2190037","2010690","","2130023","A human-generated, human-readable name. Does not need to be unique.","name"
"2011158","0","2480187","2190038","2010690","","2130023","A human-generated, human-readable name. Does not need to be unique.","name"
"2011247","0","2480187","2190043","2010690","","2130023","A human-generated, human-readable name. Does not need to be unique.","name"
"2011264","0","2480187","2190044","2010690","","2130023","A human-generated, human-readable name. Does not need to be unique.","name"
"2011350","0","2480187","2190062","2010690","","2130023","A human-generated, human-readable name. Does not need to be unique.","name"
"2011494","0","2480187","2190111","2010690","","2130023","A human-generated, human-readable name. Does not need to be unique.","name"
"2011512","0","2480187","2190073","2010690","","2130023","A human-generated, human-readable name. Does not need to be unique.","name"
"2011602","0","2480187","2190078","2010690","","2130023","A human-generated, human-readable name. Does not need to be unique.","name"
"2011638","0","2480187","2190080","2010690","","2130023","A human-generated, human-readable name. Does not need to be unique.","name"
"2011674","0","2480187","2190082","2010690","","2130023","A human-generated, human-readable name. Does not need to be unique.","name"
"2011782","0","2480187","2190092","2010690","","2130023","A human-generated, human-readable name. Does not need to be unique.","name"
"2011836","0","2480187","2190100","2010690","","2130023","A human-generated, human-readable name. Does not need to be unique.","name"
"2011872","0","2480187","2190102","2010690","","2130023","A human-generated, human-readable name. Does not need to be unique.","name"
"2011898","0","2480187","2190084","2010690","","2130023","A human-generated, human-readable name. Does not need to be unique.","name"
"2011924","0","2480187","2190094","2010690","","2130023","A human-generated, human-readable name. Does not need to be unique.","name"
"2011950","0","2480187","2190097","2010690","","2130023","A human-generated, human-readable name. Does not need to be unique.","name"
"2011968","0","2480187","2190090","2010690","","2130023","A human-generated, human-readable name. Does not need to be unique.","name"
"2012062","0","2480187","2190110","2010690","","2130023","A human-generated, human-readable name. Does not need to be unique.","name"
"2012080","0","2480187","2190112","2010690","","2130023","A human-generated, human-readable name. Does not need to be unique.","name"
"2012098","0","2480187","2190134","2010690","","2130023","A human-generated, human-readable name. Does not need to be unique.","name"
"2012116","0","2480187","2190108","2010690","","2130023","A human-generated, human-readable name. Does not need to be unique.","name"
"2012188","0","2480187","2190130","2010690","","2130023","A human-generated, human-readable name. Does not need to be unique.","name"
"2012206","0","2480187","2190131","2010690","","2130023","A human-generated, human-readable name. Does not need to be unique.","name"
"2012224","0","2480187","2190135","2010690","","2130023","A human-generated, human-readable name. Does not need to be unique.","name"
"2012242","0","2480187","2190109","2010690","","2130023","A human-generated, human-readable name. Does not need to be unique.","name"
"2012278","0","2480187","2190133","2010690","","2130023","A human-generated, human-readable name. Does not need to be unique.","name"
"2010939","1","2480187","2190017","","2013464","2130023","Indicates the authority that is issuing the IDs, so that people with the product can know how/where to look up the ID..It will indicate the OOI identity in some way (may indicate each Org as they issue their own resource IDs)","naming_authority_id"
"2010305","0","2480185","2190092","","2010305","2130023","Total number of data sets (all types) in the Observatory","number_data_sets"
"2010298","","2480185","2190092","","2010298","2130023","the number of instruments for which the observatory is responsible","number_instruments"
"2010251","0","2480185","2190092","","2010251","2130023","How many instruments are in the water?","number_instruments_deployed"
"2010253","0","2480185","2190092","","2010253","2130023","A count of how many instruments are deployed with lifecycle state not Active or execution state not Operational?","number_instruments_inoperational"
"2010252","0","2480185","2190092","","2010252","2130023","A count of How many instruments are deployed with lifecycle state of Active and execution state of Operational?","number_instruments_operational"
"2010295","","2480185","2190032","","2010295","2130023","","number_org_roles"
"2010302","0","2480185","2190092","","2010302","2130023","the number of platforms for which the observatory is responsible","number_platforms"
"2010303","0","2480185","2190092","","2010303","2130023","How many platforms are in the water?","number_platforms_deployed"
"2010056","2","2480184","2190012","","2010056","2130023","","operational_depth_maximum"
"2010103","0","2480204","2190015","","2010103","2130023","The family of platform, with term from the OOI Node Type list","platform_family"
"2010677","0","2480188","2190017","","2010677","2130023","Returns a list of all ContactInformation objects. Role_list differentiates the different kinds of contacts (e.g. originator, contributor, etc.","contacts"
"2010516","2","","2190058","","2010516","2130023","","port_info"
"2010067","0","2480187","2190012","","2010067","2130023","","power_source"
"2010379","0","2480185","2190011","","2010379","2130023","Gives the status as a red, yellow, green or black (unassessed)","power_status_roll_up"
"2012832","","2480184","2190012","","2013392","2130023","minimum voltage supported by internal power supply","power_supply_voltage_minimum"
"2012833","","2480184","2190012","","2013393","2130023","maximum voltage supported by internal power supply","power_supply_voltage_maximum"
"2010035","0","2480204","2190012","","2010035","2130023","the principal interface by which the instrument communicates (typically via its platform) with OOI","primary_interface"
"2010584","0","2480183","2190016","","2010584","2130023","This is a list of key-value arguments for the user; can be used to specify user configuration information such as the requested UI landing screen","variables"
"2010158","0","2480187","2190092","","2010158","2130023","URL to an external homepage about the observatory","url"
"2012838","","2480186","2190009","","2013400","2130023","Provides a list of the 100 most recent events","recent_events"
"2012843","","2480186","2190010","2012838","","2130023","Provides a list of the 100 most recent events","recent_events"
"2012844","","2480186","2190029","2012838","","2130023","Provides a list of the 100 most recent events","recent_events"
"2012845","","2480186","2190071","2012838","","2130023","Provides a list of the 100 most recent events","recent_events"
"2012852","","2480186","2190016","2012838","","2130023","Provides a list of the 100 most recent events","recent_events"
"2012853","","2480186","2190017","2012838","","2130023","Provides a list of the 100 most recent events","recent_events"
"2012855","","2480186","2190022","2012838","","2130023","Provides a list of the 100 most recent events","recent_events"
"2012856","","2480186","2190025","2012838","","2130023","Provides a list of the 100 most recent events","recent_events"
"2012861","","2480186","2190037","2012838","","2130023","Provides a list of the 100 most recent events","recent_events"
"2012862","","2480186","2190038","2012838","","2130023","Provides a list of the 100 most recent events","recent_events"
"2012867","","2480186","2190043","2012838","","2130023","Provides a list of the 100 most recent events","recent_events"
"2012868","","2480186","2190044","2012838","","2130023","Provides a list of the 100 most recent events","recent_events"
"2012869","","2480186","2190045","2012838","","2130023","Provides a list of the 100 most recent events","recent_events"
"2012871","0","2480186","2190058","2012838","","2130023","Provides a list of the 100 most recent events","recent_events"
"2012880","","2480186","2190073","2012838","","2130023","Provides a list of the 100 most recent events","recent_events"
"2012885","","2480186","2190078","2012838","","2130023","Provides a list of the 100 most recent events","recent_events"
"2012887","","2480186","2190080","2012838","","2130023","Provides a list of the 100 most recent events","recent_events"
"2012888","","2480186","2190082","2012838","","2130023","Provides a list of the 100 most recent events","recent_events"
"2012893","","2480186","2190100","2012838","","2130023","Provides a list of the 100 most recent events","recent_events"
"2012895","","2480186","2190102","2012838","","2130023","Provides a list of the 100 most recent events","recent_events"
"2012896","","2480186","2190108","2012838","","2130023","Provides a list of the 100 most recent events","recent_events"
"2012900","","2480186","2190130","2012838","","2130023","Provides a list of the 100 most recent events","recent_events"
"2012911","","2480186","2190020","2012838","","2130023","Provides a list of the 100 most recent events","recent_events"
"2012912","","2480186","2190109","2012838","","2130023","Provides a list of the 100 most recent events","recent_events"
"2012913","","2480186","2190111","2012838","","2130023","Provides a list of the 100 most recent events","recent_events"
"2012914","","2480186","2190133","2012838","","2130023","Provides a list of the 100 most recent events","recent_events"
"2012921","","2480186","2190012","2012838","","2130023","Provides a list of the 100 most recent events","recent_events"
"2012926","","2480186","2190015","2012838","","2130023","Provides a list of the 100 most recent events","recent_events"
"2012932","","2480186","2190062","2012838","","2130023","Provides a list of the 100 most recent events","recent_events"
"2012938","","2480186","2190131","2012838","","2130023","Provides a list of the 100 most recent events","recent_events"
"2012944","","2480186","2190135","2012838","","2130023","Provides a list of the 100 most recent events","recent_events"
"2013065","","2480186","2190084","2012838","","2130023","Provides a list of the 100 most recent events","recent_events"
"2013073","","2480186","2190092","2012838","","2130023","Provides a list of the 100 most recent events","recent_events"
"2013075","","2480186","2190094","2012838","","2130023","Provides a list of the 100 most recent events","recent_events"
"2013076","","2480186","2190097","2012838","","2130023","Provides a list of the 100 most recent events","recent_events"
"2013078","","2480186","2190032","2012838","","2130023","Provides a list of the 100 most recent events","recent_events"
"2013080","","2480186","2190059","2012838","","2130023","Provides a list of the 100 most recent events","recent_events"
"2013095","","2480186","2190090","2012838","","2130023","Provides a list of the 100 most recent events","recent_events"
"2013097","","2480186","2190110","2012838","","2130023","Provides a list of the 100 most recent events","recent_events"
"2013099","","2480186","2190112","2012838","","2130023","Provides a list of the 100 most recent events","recent_events"
"2013101","","2480186","2190134","2012838","","2130023","Provides a list of the 100 most recent events","recent_events"
"2013104","","2480186","2190011","2012838","","2130023","Provides a list of the 100 most recent events","recent_events"
"2013107","","2480186","2190014","2012838","","2130023","Provides a list of the 100 most recent events","recent_events"
"2010031","0","2480186","2190012","2013460","","2130023","List of URLs with information about the model","reference_urls"
"2010601","4","2480186","2190062","2013460","","2130023","List of URLs with information about the model","reference_urls"
"2012105","1","2480185","2190108","","2010008","2130023","Storage size of the attachment","resource_size"
"2010019","2","2480187","2190011","2012831","","2130023","unique identifier of device provided by manufacturer","serial_number"
"2010089","2","2480187","2190014","2012831","","2130023","unique identifier of device provided by manufacturer","serial_number"
"2012831","","2480187","2190059","","2013391","2130023","unique identifier of device provided by manufacturer","serial_number"
"2010102","0","2480182","2190015","","2010102","2130023","whether the platform is typically connected to the terrestrial network - boolean","shore_networked"
"2010510","2","2480187","2190058","","2010510","2130023","","sub_site_code"
"2010057","2","2480184","2190012","","2010057","2130023","","survival_depth_maximum"
"2010182","4","2480187","2190020","","2010182","2130023","time source used by the agent","time_source"
"2010005","0","2480187","2190011","2012437","","2130023","timestamp resource was created, in ""internal"" format, not user-readable format","ts_created"
"2010695","0","2480187","2190010","2012437","","2130023","timestamp resource was created, in ""internal"" format, not user-readable format","ts_created"
"2010712","0","2480187","2190071","2012437","","2130023","timestamp resource was created, in ""internal"" format, not user-readable format","ts_created"
"2010750","0","2480187","2190014","2012437","","2130023","timestamp resource was created, in ""internal"" format, not user-readable format","ts_created"
"2010768","0","2480187","2190045","2012437","","2130023","timestamp resource was created, in ""internal"" format, not user-readable format","ts_created"
"2010787","0","2480187","2190059","2012437","","2130023","timestamp resource was created, in ""internal"" format, not user-readable format","ts_created"
"2010883","0","2480187","2190012","2012437","","2130023","timestamp resource was created, in ""internal"" format, not user-readable format","ts_created"
"2010901","0","2480187","2190015","2012437","","2130023","timestamp resource was created, in ""internal"" format, not user-readable format","ts_created"
"2010919","0","2480187","2190016","2012437","","2130023","timestamp resource was created, in ""internal"" format, not user-readable format","ts_created"
"2010937","0","2480187","2190017","2012437","","2130023","timestamp resource was created, in ""internal"" format, not user-readable format","ts_created"
"2010971","0","2480187","2190022","2012437","","2130023","timestamp resource was created, in ""internal"" format, not user-readable format","ts_created"
"2010988","0","2480187","2190025","2012437","","2130023","timestamp resource was created, in ""internal"" format, not user-readable format","ts_created"
"2011059","0","2480187","2190029","2012437","","2130023","timestamp resource was created, in ""internal"" format, not user-readable format","ts_created"
"2011092","0","2480187","2190032","2012437","","2130023","timestamp resource was created, in ""internal"" format, not user-readable format","ts_created"
"2011127","0","2480187","2190037","2012437","","2130023","timestamp resource was created, in ""internal"" format, not user-readable format","ts_created"
"2011144","0","2480187","2190038","2012437","","2130023","timestamp resource was created, in ""internal"" format, not user-readable format","ts_created"
"2011233","0","2480187","2190043","2012437","","2130023","timestamp resource was created, in ""internal"" format, not user-readable format","ts_created"
"2011250","0","2480187","2190044","2012437","","2130023","timestamp resource was created, in ""internal"" format, not user-readable format","ts_created"
"2011283","0","2480187","2190058","2012437","","2130023","timestamp resource was created, in ""internal"" format, not user-readable format","ts_created"
"2011336","0","2480187","2190062","2012437","","2130023","timestamp resource was created, in ""internal"" format, not user-readable format","ts_created"
"2011498","0","2480187","2190073","2012437","","2130023","timestamp resource was created, in ""internal"" format, not user-readable format","ts_created"
"2011588","0","2480187","2190078","2012437","","2130023","timestamp resource was created, in ""internal"" format, not user-readable format","ts_created"
"2011624","0","2480187","2190080","2012437","","2130023","timestamp resource was created, in ""internal"" format, not user-readable format","ts_created"
"2011660","0","2480187","2190082","2012437","","2130023","timestamp resource was created, in ""internal"" format, not user-readable format","ts_created"
"2011768","0","2480187","2190092","2012437","","2130023","timestamp resource was created, in ""internal"" format, not user-readable format","ts_created"
"2011822","0","2480187","2190100","2012437","","2130023","timestamp resource was created, in ""internal"" format, not user-readable format","ts_created"
"2011858","0","2480187","2190102","2012437","","2130023","timestamp resource was created, in ""internal"" format, not user-readable format","ts_created"
"2011884","0","2480187","2190084","2012437","","2130023","timestamp resource was created, in ""internal"" format, not user-readable format","ts_created"
"2011910","0","2480187","2190094","2012437","","2130023","timestamp resource was created, in ""internal"" format, not user-readable format","ts_created"
"2011936","0","2480187","2190097","2012437","","2130023","timestamp resource was created, in ""internal"" format, not user-readable format","ts_created"
"2011954","0","2480187","2190090","2012437","","2130023","timestamp resource was created, in ""internal"" format, not user-readable format","ts_created"
"2011971","0","2480187","2190020","2012437","","2130023","timestamp resource was created, in ""internal"" format, not user-readable format","ts_created"
"2012048","4","2480187","2190110","2012437","","2130023","timestamp resource was created, in ""internal"" format, not user-readable format","ts_created"
"2012066","4","2480187","2190112","2012437","","2130023","timestamp resource was created, in ""internal"" format, not user-readable format","ts_created"
"2012084","4","2480187","2190134","2012437","","2130023","timestamp resource was created, in ""internal"" format, not user-readable format","ts_created"
"2012102","0","2480187","2190108","2012437","","2130023","timestamp resource was created, in ""internal"" format, not user-readable format","ts_created"
"2012174","0","2480187","2190130","2012437","","2130023","timestamp resource was created, in ""internal"" format, not user-readable format","ts_created"
"2012192","0","2480187","2190131","2012437","","2130023","timestamp resource was created, in ""internal"" format, not user-readable format","ts_created"
"2012210","0","2480187","2190135","2012437","","2130023","timestamp resource was created, in ""internal"" format, not user-readable format","ts_created"
"2012228","0","2480187","2190109","2012437","","2130023","timestamp resource was created, in ""internal"" format, not user-readable format","ts_created"
"2012246","0","2480187","2190111","2012437","","2130023","timestamp resource was created, in ""internal"" format, not user-readable format","ts_created"
"2012264","0","2480187","2190133","2012437","","2130023","timestamp resource was created, in ""internal"" format, not user-readable format","ts_created"
"2012437","0","2480187","2190009","","2012437","2130023","timestamp resource was created, in ""internal"" format, not user-readable format","ts_created"
"2010006","0","2480187","2190011","2012438","","2130023","timestamp resource was last updated,  in *internal* format (not user-readable)","ts_updated"
"2010696","1","2480187","2190010","2012438","","2130023","timestamp resource was last updated,  in *internal* format (not user-readable)","ts_updated"
"2010713","1","2480187","2190071","2012438","","2130023","timestamp resource was last updated,  in *internal* format (not user-readable)","ts_updated"
"2010751","0","2480187","2190014","2012438","","2130023","timestamp resource was last updated,  in *internal* format (not user-readable)","ts_updated"
"2010769","1","2480187","2190045","2012438","","2130023","timestamp resource was last updated,  in *internal* format (not user-readable)","ts_updated"
"2010788","1","2480187","2190059","2012438","","2130023","timestamp resource was last updated,  in *internal* format (not user-readable)","ts_updated"
"2010884","1","2480187","2190012","2012438","","2130023","timestamp resource was last updated,  in *internal* format (not user-readable)","ts_updated"
"2010902","1","2480187","2190015","2012438","","2130023","timestamp resource was last updated,  in *internal* format (not user-readable)","ts_updated"
"2010920","1","2480187","2190016","2012438","","2130023","timestamp resource was last updated,  in *internal* format (not user-readable)","ts_updated"
"2010938","0","2480187","2190017","2012438","","2130023","timestamp resource was last updated,  in *internal* format (not user-readable)","ts_updated"
"2010972","0","2480187","2190022","2012438","","2130023","timestamp resource was last updated,  in *internal* format (not user-readable)","ts_updated"
"2010989","1","2480187","2190025","2012438","","2130023","timestamp resource was last updated,  in *internal* format (not user-readable)","ts_updated"
"2011060","1","2480187","2190029","2012438","","2130023","timestamp resource was last updated,  in *internal* format (not user-readable)","ts_updated"
"2011093","1","2480187","2190032","2012438","","2130023","timestamp resource was last updated,  in *internal* format (not user-readable)","ts_updated"
"2011128","1","2480187","2190037","2012438","","2130023","timestamp resource was last updated,  in *internal* format (not user-readable)","ts_updated"
"2011145","1","2480187","2190038","2012438","","2130023","timestamp resource was last updated,  in *internal* format (not user-readable)","ts_updated"
"2011234","1","2480187","2190043","2012438","","2130023","timestamp resource was last updated,  in *internal* format (not user-readable)","ts_updated"
"2011251","1","2480187","2190044","2012438","","2130023","timestamp resource was last updated,  in *internal* format (not user-readable)","ts_updated"
"2011284","1","2480187","2190058","2012438","","2130023","timestamp resource was last updated,  in *internal* format (not user-readable)","ts_updated"
"2011337","1","2480187","2190062","2012438","","2130023","timestamp resource was last updated,  in *internal* format (not user-readable)","ts_updated"
"2011499","1","2480187","2190073","2012438","","2130023","timestamp resource was last updated,  in *internal* format (not user-readable)","ts_updated"
"2011589","1","2480187","2190078","2012438","","2130023","timestamp resource was last updated,  in *internal* format (not user-readable)","ts_updated"
"2011625","1","2480187","2190080","2012438","","2130023","timestamp resource was last updated,  in *internal* format (not user-readable)","ts_updated"
"2011661","1","2480187","2190082","2012438","","2130023","timestamp resource was last updated,  in *internal* format (not user-readable)","ts_updated"
"2011769","1","2480187","2190092","2012438","","2130023","timestamp resource was last updated,  in *internal* format (not user-readable)","ts_updated"
"2011823","1","2480187","2190100","2012438","","2130023","timestamp resource was last updated,  in *internal* format (not user-readable)","ts_updated"
"2011859","1","2480187","2190102","2012438","","2130023","timestamp resource was last updated,  in *internal* format (not user-readable)","ts_updated"
"2011885","1","2480187","2190084","2012438","","2130023","timestamp resource was last updated,  in *internal* format (not user-readable)","ts_updated"
"2011911","1","2480187","2190094","2012438","","2130023","timestamp resource was last updated,  in *internal* format (not user-readable)","ts_updated"
"2011937","1","2480187","2190097","2012438","","2130023","timestamp resource was last updated,  in *internal* format (not user-readable)","ts_updated"
"2011955","1","2480187","2190090","2012438","","2130023","timestamp resource was last updated,  in *internal* format (not user-readable)","ts_updated"
"2011972","1","2480187","2190020","2012438","","2130023","timestamp resource was last updated,  in *internal* format (not user-readable)","ts_updated"
"2012049","4","2480187","2190110","2012438","","2130023","timestamp resource was last updated,  in *internal* format (not user-readable)","ts_updated"
"2012067","4","2480187","2190112","2012438","","2130023","timestamp resource was last updated,  in *internal* format (not user-readable)","ts_updated"
"2012085","4","2480187","2190134","2012438","","2130023","timestamp resource was last updated,  in *internal* format (not user-readable)","ts_updated"
"2012103","1","2480187","2190108","2012438","","2130023","timestamp resource was last updated,  in *internal* format (not user-readable)","ts_updated"
"2012175","1","2480187","2190130","2012438","","2130023","timestamp resource was last updated,  in *internal* format (not user-readable)","ts_updated"
"2012193","1","2480187","2190131","2012438","","2130023","timestamp resource was last updated,  in *internal* format (not user-readable)","ts_updated"
"2012211","1","2480187","2190135","2012438","","2130023","timestamp resource was last updated,  in *internal* format (not user-readable)","ts_updated"
"2012229","1","2480187","2190109","2012438","","2130023","timestamp resource was last updated,  in *internal* format (not user-readable)","ts_updated"
"2012247","1","2480187","2190111","2012438","","2130023","timestamp resource was last updated,  in *internal* format (not user-readable)","ts_updated"
"2012265","1","2480187","2190133","2012438","","2130023","timestamp resource was last updated,  in *internal* format (not user-readable)","ts_updated"
"2012438","0","2480187","2190009","","2012438","2130023","timestamp resource was last updated,  in *internal* format (not user-readable)","ts_updated"
"2010088","0","2480187","2190011","2010689","","2130023","specifies the actual type of the resource object.","type_"
"2010689","0","2480187","2190009","","2010689","2130023","specifies the actual type of the resource object.","type_"
"2010708","4","2480187","2190010","2010689","","2130023","specifies the actual type of the resource object.","type_"
"2010725","4","2480187","2190071","2010689","","2130023","specifies the actual type of the resource object.","type_"
"2010762","0","2480187","2190014","2010689","","2130023","specifies the actual type of the resource object.","type_"
"2010781","0","2480187","2190045","2010689","","2130023","specifies the actual type of the resource object.","type_"
"2010800","0","2480187","2190059","2010689","","2130023","specifies the actual type of the resource object.","type_"
"2010896","4","2480187","2190012","2010689","","2130023","specifies the actual type of the resource object.","type_"
"2010914","4","2480187","2190015","2010689","","2130023","specifies the actual type of the resource object.","type_"
"2010932","4","2480187","2190016","2010689","","2130023","specifies the actual type of the resource object.","type_"
"2010949","0","2480187","2190017","2010689","","2130023","specifies the actual type of the resource object.","type_"
"2010984","4","2480187","2190022","2010689","","2130023","specifies the actual type of the resource object.","type_"
"2011001","4","2480187","2190025","2010689","","2130023","specifies the actual type of the resource object.","type_"
"2011072","4","2480187","2190029","2010689","","2130023","specifies the actual type of the resource object.","type_"
"2011105","4","2480187","2190032","2010689","","2130023","specifies the actual type of the resource object.","type_"
"2011139","4","2480187","2190037","2010689","","2130023","specifies the actual type of the resource object.","type_"
"2011157","4","2480187","2190038","2010689","","2130023","specifies the actual type of the resource object.","type_"
"2011246","4","2480187","2190043","2010689","","2130023","specifies the actual type of the resource object.","type_"
"2011263","4","2480187","2190044","2010689","","2130023","specifies the actual type of the resource object.","type_"
"2011296","4","2480187","2190058","2010689","","2130023","specifies the actual type of the resource object.","type_"
"2011349","4","2480187","2190062","2010689","","2130023","specifies the actual type of the resource object.","type_"
"2011511","4","2480187","2190073","2010689","","2130023","specifies the actual type of the resource object.","type_"
"2011601","4","2480187","2190078","2010689","","2130023","specifies the actual type of the resource object.","type_"
"2011637","4","2480187","2190080","2010689","","2130023","specifies the actual type of the resource object.","type_"
"2011673","4","2480187","2190082","2010689","","2130023","specifies the actual type of the resource object.","type_"
"2011781","4","2480187","2190092","2010689","","2130023","specifies the actual type of the resource object.","type_"
"2011835","0","2480187","2190100","2010689","","2130023","specifies the actual type of the resource object.","type_"
"2011871","4","2480187","2190102","2010689","","2130023","specifies the actual type of the resource object.","type_"
"2011897","4","2480187","2190084","2010689","","2130023","specifies the actual type of the resource object.","type_"
"2011923","4","2480187","2190094","2010689","","2130023","specifies the actual type of the resource object.","type_"
"2011949","4","2480187","2190097","2010689","","2130023","specifies the actual type of the resource object.","type_"
"2011967","4","2480187","2190090","2010689","","2130023","specifies the actual type of the resource object.","type_"
"2011984","4","2480187","2190020","2010689","","2130023","specifies the actual type of the resource object.","type_"
"2012061","4","2480187","2190110","2010689","","2130023","specifies the actual type of the resource object.","type_"
"2012079","4","2480187","2190112","2010689","","2130023","specifies the actual type of the resource object.","type_"
"2012097","4","2480187","2190134","2010689","","2130023","specifies the actual type of the resource object.","type_"
"2012115","4","2480187","2190108","2010689","","2130023","specifies the actual type of the resource object.","type_"
"2012187","4","2480187","2190130","2010689","","2130023","specifies the actual type of the resource object.","type_"
"2012205","4","2480187","2190131","2010689","","2130023","specifies the actual type of the resource object.","type_"
"2012223","4","2480187","2190135","2010689","","2130023","specifies the actual type of the resource object.","type_"
"2012241","4","2480187","2190109","2010689","","2130023","specifies the actual type of the resource object.","type_"
"2012259","4","2480187","2190111","2010689","","2130023","specifies the actual type of the resource object.","type_"
"2012277","4","2480187","2190133","2010689","","2130023","specifies the actual type of the resource object.","type_"
"2010267","","2480208","2190037","","2010267","2130023","","update_description"
"2010533","4","2480187","2190059","","2010533","2130023","The UUID provided by the manufacturer","uuid"
"2012771","4","2480187","2190011","2010533","","2130023","The UUID provided by the manufacturer","uuid"
"2012789","4","2480187","2190014","2010533","","2130023","The UUID provided by the manufacturer","uuid"
"2010148","0","2480193","2190017","","2010148","2130023","An object that describes the individual measured entities within the Data Product (aka parameters, or variables""","parameters"
"2010069","0","2480184","2190082","","2010069","2130023","nominal voltage at which unit operates, in Volts","voltage"
"2012917","0","2480184","2190012","2010069","","2130023","nominal voltage at which unit operates, in Volts","voltage"
"2012923","0","2480184","2190015","2010069","","2130023","nominal voltage at which unit operates, in Volts","voltage"
"2012928","0","2480184","2190062","2010069","","2130023","nominal voltage at which unit operates, in Volts","voltage"
"2012940","0","2480184","2190135","2010069","","2130023","nominal voltage at which unit operates, in Volts","voltage"
"2010070","0","2480184","2190082","","2010070","2130023","nominal wattage consumed by instrument, in Watts","wattage"
"2010364","0","2480184","2190015","2010070","","2130023","nominal wattage consumed by instrument, in Watts","wattage"
"2012918","0","2480184","2190012","2010070","","2130023","nominal wattage consumed by instrument, in Watts","wattage"
"2012929","0","2480184","2190062","2010070","","2130023","nominal wattage consumed by instrument, in Watts","wattage"
"2012941","0","2480184","2190135","2010070","","2130023","nominal wattage consumed by instrument, in Watts","wattage"
"2010053","1","2480184","2190082","","2010053","2130023","weight of instrument in air, as configured for operation, in kg","weight"
"2012916","1","2480184","2190012","2010053","","2130023","weight of instrument in air, as configured for operation, in kg","weight"
"2012922","1","2480184","2190015","2010053","","2130023","weight of instrument in air, as configured for operation, in kg","weight"
"2012927","1","2480184","2190062","2010053","","2130023","weight of instrument in air, as configured for operation, in kg","weight"
"2012939","1","2480184","2190135","2010053","","2130023","weight of instrument in air, as configured for operation, in kg","weight"
"2012835","","2480184","2190082","","2013395","2130023","measurement of device size from side to side (orthogonal to length measurement), in meters","width"
"2013172","0","2480185","2190092","","2013450","2130023","Gives the status as a red, yellow, green or black (unassessed)","power_status_roll_up"
"2013173","0","2480185","2190092","","2013451","2130023","Gives the status as a red, yellow, green or black (unassessed)","communications_status_roll_up"
"2013174","0","2480185","2190092","","2013452","2130023","Gives the status as a red, yellow, green or black (unassessed)","location_status_roll_up"
"2013175","0","2480185","2190092","","2013453","2130023","Gives the status as a red, yellow, green or black (unassessed)","data_status_roll_up"
"2013176","","2480187","2190032","","2013473","2130023","","url"
"2013177","","2480185","2190017","","2013456","2130023","The storage size occupied by the data content of the resource, in bytes.","stored_data_size"
"2013178","","2480185","2190017","","2013458","2130023","how big the full data product will be if downloaded/presented in a given presentation form","product_download_size_estimated"
"2013180","0","2480185","2190014","","2013446","2130023","Gives the status as a red, yellow, green or black (unassessed)","power_status_roll_up"
"2013181","0","2480185","2190014","","2013447","2130023","Gives the status as a red, yellow, green or black (unassessed)","communications_status_roll_up"
"2013182","0","2480185","2190014","","2013448","2130023","Gives the status as a red, yellow, green or black (unassessed)","data_status_roll_up"
"2013183","0","2480185","2190014","","2013449","2130023","Gives the status as a red, yellow, green or black (unassessed)","location_status_roll_up"
"2013185","","2480187","2190011","","2013275","2130023","","hardware_version"
"2013186","","2480187","2190011","","2013494","2130023","The date of the last instrument calibration, expressed in ISO format","last_calibration_datetime"
"2013198","","2480184","2190012","2012836","","2130023","measurement of device size orthogonal to length and width (typically from bottom to top as mounted or resting) in meters","height"
"2013199","","2480184","2190012","2012834","","2130023","measurement of device size, generally along the longest (alternatively, the facing) side-to-side dimension, in meters","length"
"2013200","0","2480187","2190012","2010348","","2130023","The name of the manufacturer","manufacturer"
"2013201","4","2480187","2190012","2010535","","2130023","The model name/code provided by the manufacturer","model"
"2013202","","2480184","2190012","2012835","","2130023","measurement of device size from side to side (orthogonal to length measurement), in meters","width"
"2013203","","2480184","2190015","2012836","","2130023","measurement of device size orthogonal to length and width (typically from bottom to top as mounted or resting) in meters","height"
"2013204","","2480184","2190015","2012834","","2130023","measurement of device size, generally along the longest (alternatively, the facing) side-to-side dimension, in meters","length"
"2013205","0","2480187","2190015","2010348","","2130023","The name of the manufacturer","manufacturer"
"2013206","4","2480187","2190015","2010535","","2130023","The model name/code provided by the manufacturer","model"
"2013207","","2480184","2190015","2012835","","2130023","measurement of device size from side to side (orthogonal to length measurement), in meters","width"
"2013208","","2480184","2190062","2012836","","2130023","measurement of device size orthogonal to length and width (typically from bottom to top as mounted or resting) in meters","height"
"2013209","","2480184","2190062","2012834","","2130023","measurement of device size, generally along the longest (alternatively, the facing) side-to-side dimension, in meters","length"
"2013210","4","2480187","2190062","2010535","","2130023","The model name/code provided by the manufacturer","model"
"2013211","","2480184","2190062","2012835","","2130023","measurement of device size from side to side (orthogonal to length measurement), in meters","width"
"2013217","","2480184","2190135","2012836","","2130023","measurement of device size orthogonal to length and width (typically from bottom to top as mounted or resting) in meters","height"
"2013218","","2480184","2190135","2012834","","2130023","measurement of device size, generally along the longest (alternatively, the facing) side-to-side dimension, in meters","length"
"2013219","0","2480187","2190135","2010348","","2130023","The name of the manufacturer","manufacturer"
"2013220","4","2480187","2190135","2010535","","2130023","The model name/code provided by the manufacturer","model"
"2013221","","2480184","2190135","2012835","","2130023","measurement of device size from side to side (orthogonal to length measurement), in meters","width"
"2013225","2","2480187","2190059","2010728","","2130023","can this resource be controlled by messages sent to it","message_controllable"
"2013226","2","2480187","2190059","2010783","","2130023","A device that has a communication port for real-time monitoring","monitorable"
"2013231","4","2480186","2190011","2010537","","2130023","List of URLs with information about the device","reference_urls"
"2013235","4","2480186","2190014","2010537","","2130023","List of URLs with information about the device","reference_urls"
"2013237","0","2480187","2190164","2012435","","2130023","human-readable description of the resource","description"
"2013238","0","2480187","2190164","2010688","","2130023","unique ID","_id"
"2013239","0","2480187","2190164","2012436","","2130023","lifecycle state","lcstate"
"2013240","0","2480187","2190164","2010690","","2130023","A human-generated, human-readable name. Does not need to be unique.","name"
"2013242","","2480186","2190164","2012838","","2130023","Provides a list of the 100 most recent events","recent_events"
"2013243","0","2480187","2190164","2012437","","2130023","timestamp resource was created, in ""internal"" format, not user-readable format","ts_created"
"2013244","1","2480187","2190164","2012438","","2130023","timestamp resource was last updated,  in *internal* format (not user-readable)","ts_updated"
"2013245","4","2480187","2190164","2010689","","2130023","specifies the actual type of the resource object.","type_"
"2013301","2","2480187","2190011","2010728","","2130023","can this resource be controlled by messages sent to it","message_controllable"
"2013302","2","2480187","2190011","2010783","","2130023","A device that has a communication port for real-time monitoring","monitorable"
"2013304","2","2480187","2190014","2010728","","2130023","can this resource be controlled by messages sent to it","message_controllable"
"2013305","2","2480187","2190014","2010783","","2130023","A device that has a communication port for real-time monitoring","monitorable"
"2013337","0","2480187","2190108","","2013682","2130023","The identity of the creator of the document. For documents imported from external sources, this is not the same as the creator of this resource in IO","created_by"
"2013338","0","2480187","2190108","","2013683","2130023","The identity of someone who has modified of the document. For documents imported from external sources, this modification may have happened outside of the IO system","modified_by"
"2012825","2","2480182","2190030","2010784","","2130023","Whether the device can be sent a control message","controllable"
"2013355","4","2480186","2190030","2010537","","2130023","List of URLs with information about the device","reference_urls"
"2010229","","2480187","2190030","2012831","","2130023","unique identifier of device provided by manufacturer","serial_number"
"2012807","4","2480187","2190030","2010533","","2130023","The UUID provided by the manufacturer","uuid"
"2011075","0","2480187","2190030","2012435","","2130023","human-readable description of the resource","description"
"2010682","0","2480187","2190030","2010688","","2130023","unique ID","_id"
"2011076","","2480187","2190030","2012436","","2130023","lifecycle state","lcstate"
"2010341","0","2480187","2190030","2010690","","2130023","A human-generated, human-readable name. Does not need to be unique.","name"
"2013110","","2480186","2190030","2012838","","2130023","Provides a list of the 100 most recent events","recent_events"
"2011077","0","2480187","2190030","2012437","","2130023","timestamp resource was created, in ""internal"" format, not user-readable format","ts_created"
"2011078","0","2480187","2190030","2012438","","2130023","timestamp resource was last updated,  in *internal* format (not user-readable)","ts_updated"
"2011088","0","2480187","2190030","2010689","","2130023","specifies the actual type of the resource object.","type_"
"2013367","2","2480187","2190030","2010728","","2130023","can this resource be controlled by messages sent to it","message_controllable"
"2012824","2","2480187","2190030","2010783","","2130023","A device that has a communication port for real-time monitoring","monitorable"
"2013375","0","","2190166","","2010237","2130023","","notification_channel***"
"2013376","0","","2190166","","2013286","2130023","Detailed configuration of notification delivery","delivery_config***"
"2013377","","2480187","2190166","","2013287","2130023","Event filter by event subtype","event_subtype"
"2013378","","2480187","2190166","","2013288","2130023","Event filter by event type","event_type"
"2013379","0","2480187","2190166","","2013289","2130023","Event filter by origin","origin***"
"2013380","0","2480187","2190166","","2013290","2130023","Event filter by origin type","origin_type***"
"2013381","0","2480187","2190166","2012435","","2130023","human-readable description of the resource","description"
"2013391","0","2480187","2190072","2012435","","2130023","human-readable description of the resource","description"
"2013392","0","2480187","2190072","2010688","","2130023","unique ID","_id"
"2013393","","2480187","2190072","2012436","","2130023","lifecycle state","lcstate"
"2013394","0","2480187","2190072","2010690","","2130023","A human-generated, human-readable name. Does not need to be unique.","name"
"2013395","","2480186","2190072","2012838","","2130023","Provides a list of the 100 most recent events","recent_events"
"2013396","0","2480187","2190072","2012437","","2130023","timestamp resource was created, in ""internal"" format, not user-readable format","ts_created"
"2013397","0","2480187","2190072","2012438","","2130023","timestamp resource was last updated,  in *internal* format (not user-readable)","ts_updated"
"2013398","0","2480187","2190072","2010689","","2130023","specifies the actual type of the resource object.","type_"
"2013400","0","2480187","2190089","2012435","","2130023","human-readable description of the resource","description"
"2013401","0","2480187","2190089","2010688","","2130023","unique ID","_id"
"2013402","","2480187","2190089","2012436","","2130023","lifecycle state","lcstate"
"2013403","0","2480187","2190089","2010690","","2130023","A human-generated, human-readable name. Does not need to be unique.","name"
"2013404","","2480186","2190089","2012838","","2130023","Provides a list of the 100 most recent events","recent_events"
"2013405","0","2480187","2190089","2012437","","2130023","timestamp resource was created, in ""internal"" format, not user-readable format","ts_created"
"2013406","0","2480187","2190089","2012438","","2130023","timestamp resource was last updated,  in *internal* format (not user-readable)","ts_updated"
"2013407","0","2480187","2190089","2010689","","2130023","specifies the actual type of the resource object.","type_"
"2013409","0","2480187","2190129","2012435","","2130023","human-readable description of the resource","description"
"2013410","0","2480187","2190129","2010688","","2130023","unique ID","_id"
"2013411","","2480187","2190129","2012436","","2130023","lifecycle state","lcstate"
"2013412","0","2480187","2190129","2010690","","2130023","A human-generated, human-readable name. Does not need to be unique.","name"
"2013413","","2480186","2190129","2012838","","2130023","Provides a list of the 100 most recent events","recent_events"
"2013414","0","2480187","2190129","2012437","","2130023","timestamp resource was created, in ""internal"" format, not user-readable format","ts_created"
"2013415","0","2480187","2190129","2012438","","2130023","timestamp resource was last updated,  in *internal* format (not user-readable)","ts_updated"
"2013416","0","2480187","2190129","2010689","","2130023","specifies the actual type of the resource object.","type_"
"2013418","0","2480187","2190166","2010688","","2130023","unique ID","_id"
"2013419","","2480187","2190166","2012436","","2130023","lifecycle state","lcstate"
"2013420","0","2480187","2190166","2010690","","2130023","A human-generated, human-readable name. Does not need to be unique.","name"
"2013421","","2480186","2190166","2012838","","2130023","Provides a list of the 100 most recent events","recent_events"
"2013422","0","2480187","2190166","2012437","","2130023","timestamp resource was created, in ""internal"" format, not user-readable format","ts_created"
"2013423","0","2480187","2190166","2012438","","2130023","timestamp resource was last updated,  in *internal* format (not user-readable)","ts_updated"
"2013424","0","2480187","2190166","2010689","","2130023","specifies the actual type of the resource object.","type_"
"2013438","2","","2190016","","","2130023","Current time zone set for the user (from the browser setting?)","time_zone*"
"2013440","0","2480185","2190030","2013452","","2130023","The status roll-up that summarizes the entire status of the device","aggregated_status"
"2013442","1","","2190044","","","2130023","","last_run_time*"
"2013448","0","","2190059","","","2130023","","power_status_roll_up*"
"2013449","0","","2190059","","","2130023","","communications_status_roll_up*"
"2013450","0","","2190059","","","2130023","","data_status_roll_up*"
"2013451","0","","2190059","","","2130023","","location_status_roll_up*"
"2013452","0","2480185","2190059","","2012001","2130023","The status roll-up that summarizes the entire status of the device","aggregated_status"
"2013453","1","","2190059","","","2130023","","power_history*"
"2013454","1","","2190059","","","2130023","","communications_history*"
"2013455","1","","2190059","","","2130023","","data_history*"
"2013456","1","","2190059","","","2130023","","location_history*"
"2013460","4","2480186","2190082","","2010601","2130023","List of URLs with information about the model","reference_urls"
"2013469","0","2480187","2190169","2012435","","2130023","human-readable description of the resource","description"
"2013470","0","2480187","2190169","2010688","","2130023","unique ID","_id"
"2013471","","2480187","2190169","2012436","","2130023","lifecycle state","lcstate"
"2013472","0","2480187","2190169","2010690","","2130023","A human-generated, human-readable name. Does not need to be unique.","name"
"2013473","","2480186","2190169","2012838","","2130023","Provides a list of the 100 most recent events","recent_events"
"2013474","0","2480187","2190169","2012437","","2130023","timestamp resource was created, in ""internal"" format, not user-readable format","ts_created"
"2013475","0","2480187","2190169","2012438","","2130023","timestamp resource was last updated,  in *internal* format (not user-readable)","ts_updated"
"2013476","0","2480187","2190169","2010689","","2130023","specifies the actual type of the resource object.","type_"
"2013489","4","2480186","2190012","2013460","","2130023","List of URLs with information about the model","reference_urls"
"2013490","4","2480186","2190015","2013460","","2130023","List of URLs with information about the model","reference_urls"
"2013491","4","2480186","2190135","2013460","","2130023","List of URLs with information about the model","reference_urls"
"2013492","","2480187","2190012","","2010065","2130023","time system must be on before sampling.","required_on_time"
"2013493","","2480187","2190017","","2010113","2130023","Selection from IOOS controlled vocabulary for parameters","ioos_category"
"2013494","","2480187","2190017","","2010115","2130023","Miscellaneous information not already captured in attributes","comment"
"2013495","","2480187","2190017","","2010126","2130023","Indicates whether the dataset is under proprietary hold or whether it is public","exclusive_rights_status"
"2013496","","2480187","2190017","","2010127","2130023","If the PI has requested a proprietary hold on the data, the date on which the hold will expire and the data will be made public (note:  NSF allows a maximum hold of 2 years from the date of collection)","exclusive_rights_end_date"
"2013497","2","2480187","2190017","","2010129","2130023","Any additional comments about the proprietary hold. ","exclusive_rights_notes"
"2013498","","2480187","2190017","","2010134","2130023","Provides an audit trail for modifications to the original data","provenance"
"2013499","","2480185","2190017","","2010140","2130023","The number of current subscriptions to the data","number_active_subscriptions"
"2013500","","2480187","2190010","","2010404","2130023","presents the latest known operating condition of a resource, such that a user can easily see whether the resource is commandable, or why it might not be; does not take into account user privileges","operational_state"
"2013501","","2480186","2190017","","2010433","2130023","Holds information on where and when the data product was submitted to an external archive. ","external_archives"
"2013502","","2480186","2190017","","2010436","2130023","Provides information for users who have in the past acquired this data product, but for which that acquisition was terminated","past_user_subscriptions"
"2013504","","2480187","2190089","","2013159","2130023","","agent_version"
"2013505","","2480183","2190072","","2013163","2130023","","configuration"
"2013506","","2480185","2190072","","2013164","2130023","PROCESS=One process per resource; SERVICE: One service per resource type","deployment_type"
"2013507","","2480187","2190072","","2013165","2130023","","exchange_name"
"2013508","","","2190073","","2013184","2130023","","options"
"2013509","","2480186","2190073","","2013185","2130023","","resources"
"2013510","","2480183","2190045","","2013192","2130023","","configuration"
"2013511","","2480183","2190078","","2013196","2130023","","parameters"
"2013512","","2480182","2190044","","2013200","2130023","","is_primary"
"2013513","","2480183","2190080","","2013218","2130023","","connection_params"
"2013514","","2480188","2190080","","2013219","2130023","","contact"
"2013515","","2480188","2190080","","2013220","2130023","","institution"
"2013516","","2480187","2190080","","2013221","2130023","","protocol_type"
"2013517","","2480187","2190080","","2013222","2130023","","type"
"2013518","","2480183","2190090","","2013261","2130023","","agent_config"
"2013519","","2480185","2190090","","2013262","2130023","","cmd_port"
"2013520","","2480187","2190090","","2013263","2130023","","comms_device_address"
"2013521","","2480185","2190090","","2013264","2130023","","comms_device_port"
"2013522","","2480187","2190090","","2013265","2130023","","comms_method"
"2013523","","2480187","2190090","","2013266","2130023","","comms_server_address"
"2013524","","2480185","2190090","","2013267","2130023","","comms_server_port"
"2013525","","2480188","2190032","","2013300","2130023","An entity that serves as a contact point","contact"
"2013526","","2480188","2190032","","2013301","2130023","Identifies the institution that operates the Org/Facility","institution"
"2013527","","2480185","2190032","","2013302","2130023","Specializes the type of Org","org_type"
"2013529","","","2190102","","2013346","2130023","A bit awkward - the stream definition resource contains a stream definition container?","container"
"2013530","","2480187","2190100","","2013385","2130023","Can be human readable","label"
"2013531","","2480187","2190100","","2013386","2130023","TODO - perhaps replace when better indexing in couch is available.","org_id"
"2013532","","2480187","2190025","","2013387","2130023","","filters"
"2013533","","2480186","2190025","","2013388","2130023","","order"
"2013535","","2480186","2190017","","2013457","2130023","The end-user formats in which the data product is available for download","available_formats"
"2013536","","2480187","2190014","2013586","","2130023","time since device was last restarted","uptime"
"2013537","","2480203","2190017","","2013500","2130023","The datetime tof the first ingestion of data into the product","data_ingestion_datetime"
"2013538","","2480187","2190017","","2013501","2130023","the datetime when the contents of the data were last modified in any way. This is distinct from modifications to the data product attributes","data_contents_updated"
"2013539","","2480198","2190017","","2013536","2130023","The geospatial  coordinate reference system, expressed as a URI (ideally a URL); incorporates both coordinate system and datum; may be geodetic/horizonal, vertical, or both","geospatial_coordinate_reference_system"
"2013540","","2480188","2190059","","2013560","2130023","Contacts for this device.  Multiple contacts are allowed, and can be differentiated by the role_list (e.g. pointOfContact, Provider)","contacts"
"2013541","","2480186","2190169","","2013577","2130023","set of constraints; GeospatialBounds, temporal bounds, composite, etc","constraint_list"
"2013542","","2480187","2190017","","2010110","2130023","a link to the (time-varying) data product. Mandatory","data_url"
"2013543","","2480204","2190108","","2013166","2130023","ASCII: the content is ASCII, e.g. JSON or BASE64 encoded by the application  BLOB: the content is a binary  OBJECT: the content is an arbitrary object, such as a dict, list","attachment_type"
"2013544","","2480187","2190108","","2013167","2130023","Attachment contents","content"
"2013545","","2480186","2190108","","2013169","2130023","Keywords indicating the type of attachment (e.g. user manual, log)","keywords"
"2013546","","2480187","2190108","","2013170","2130023","Associated object (resource) ID, for easier indexing","object_id"
"2013547","","2480187","2190133","","2013223","2130023","","handler_class"
"2013548","","2480187","2190133","","2013224","2130023","","handler_module"
"2013549","","2480187","2190134","","2013227","2130023","","login"
"2013550","","2480187","2190134","","2013228","2130023","","password"
"2013551","","2480187","2190134","","2013229","2130023","","server_addr"
"2013552","","2480187","2190135","","2013230","2130023","","data_handler_class"
"2013553","","2480187","2190135","","2013231","2130023","","data_handler_module"
"2013554","","","2190135","","2013232","2130023","","model"
"2013555","","2480187","2190129","","2013242","2130023","","pattern"
"2013556","","2480187","2190109","","2013247","2130023","","handler_class"
"2013557","","2480187","2190109","","2013248","2130023","","handler_module"
"2013558","","2480183","2190110","","2013250","2130023","","dataset_agent_config"
"2013559","","2480183","2190110","","2013252","2130023","","dataset_driver_config"
"2013560","","","2190131","","2013255","2130023","This defines the characteristics of a dataset class","dataset_type"
"2013562","2","2480187","2190058","","2013666","2130023","An additional identification name used by the operators","auxiliary_name"
"2013563","2","2480187","2190058","","2013667","2130023","An additional identification code used by the operators","auxiliary_identifier"
"2013564","","2480204","2190029","","2013669","2130023","The environment of the site. Used to differentiate marine deployments (""field"") from, e.g. ""bucket"" tests (""test""). ","environment"
"2013565","","2480187","2190017","","2013671","2130023","the product short name provided in the Data Product Specification, often a 7 character code, e.g. ""PRESWAT""","ooi_short_name"
"2013566","","2480186","2190017","","2013672","2130023","List of synonyms for this data product","synonyms"
"2013567","","2480186","2190017","","2013673","2130023","List of URLs with information about the data product","reference_urls"
"2013568","","2480187","2190011","2013586","","2130023","time since device was last restarted","uptime"
"2013569","","2480187","2190030","2013586","","2130023","time since device was last restarted","uptime"
"2013570","","2480186","2190029","2013541","","2130023","set of constraints; GeospatialBounds, temporal bounds, composite, etc","constraint_list"
"2013572","","2480186","2190084","2013541","","2130023","set of constraints; GeospatialBounds, temporal bounds, composite, etc","constraint_list"
"2013573","","2480186","2190092","2013541","","2130023","set of constraints; GeospatialBounds, temporal bounds, composite, etc","constraint_list"
"2013574","","2480186","2190094","2013541","","2130023","set of constraints; GeospatialBounds, temporal bounds, composite, etc","constraint_list"
"2013575","","2480186","2190097","2013541","","2130023","set of constraints; GeospatialBounds, temporal bounds, composite, etc","constraint_list"
"2013578","0","","2190017","","","2130023","","temporal_bounds*"
"2013584","","2480188","2190016","","2010614","2130023","The stored attributes from the ContactInformation block","contact_information"
"2013585","","2480191","2190017","","2013535","2130023","specifies the location (latitude, longitude, and/or vertical position) of  data from a fixed asset, or the approximate location with error constraints of data from a mobile asset, with respect to a geospatial CRS","geospatial_point"
"2013586","","2480187","2190059","","2013460","2130023","time since device was last restarted","uptime"
"2013588","","2480185","2190092","","2012000","2130023","The status roll-up that summarizes the status of all devices in the observatory","aggregated_status"
"2013592","0","","2190059","","","2130023","calculated value representing the  number of resources that have one or more active help tickets in JIRA assigned to them","count_of_resources_with_help_tickets*"
"2013593","0","","2190059","","","2130023","calculated value representing the  number of resources that have one or more events marked as warnings assigned to them","count_of_resources_with_warning_alerts*"
"2013594","0","","2190059","","","2130023","calculated value representing the  number of resources that have one or more events marked as critical assigned to them","count_of_resources_with_critical_alerts*"
"2013597","0","","2190009","","","2130023","calculated value representing the number of resources the current user is subscribed  to","count_of_resources_subscibed_to*"
"2013598","0","","2190009","","","2130023","calculated value representing the number events marked as warnings for the focal resource","count_of_warning_alerts*"
"2013599","0","","2190009","","","2130023","calculated value representing the number events marked as critical for the focal resource","count_of_critical_alerts*"
"2013600","0","","2190009","","","2130023","calculated value representing the number events marked as critical for the focal resource","count_of_critical_alerts*"
"2013601","0","","2190009","","","2130023","calculated value representing the number of active help tickets in JIRA assigned to the focal resource","count_of_help_tickets*"
"2013602","0","","2190073","","","2130023","calculated value representing the  number of resources in the collection","count_of_resources_in_collection*"
"2013603","","","2190172","","2013280","2130023","","sap"
"2013604","","","2190172","","2013281","2130023","","type"
"2013605","","2480186","2190058","2013541","","2130023","set of constraints; GeospatialBounds, temporal bounds, composite, etc","constraint_list"
"2013606","0","2480185","2190029","","","2130023","Gives the status as a red, yellow, green or black (unassessed)","communications_status_roll_up*"
"2013607","0","2480185","2190058","","","2130023","Gives the status as a red, yellow, green or black (unassessed)","communications_status_roll_up*"
"2013608","0","2480185","2190029","","","2130023","Gives the status as a red, yellow, green or black (unassessed)","data_status_roll_up**"
"2013609","0","2480185","2190058","","","2130023","Gives the status as a red, yellow, green or black (unassessed)","data_status_roll_up*"
"2013610","0","","2190058","","","2130023","","location_status_roll_up*"
"2013611","0","","2190029","","","2130023","","location_status_roll_up*"
"2013612","0","","2190058","","","2130023","","power_status_roll_up*"
"2013613","0","","2190029","","","2130023","","power_status_roll_up*"
"2013614","1","","2190037","","","2130023","","publicly_available*"
"2013615","0","2480185","2190058","","","2130023","The status roll-up that summarizes the entire status of the device","aggregated_status*"
"2013616","0","2480185","2190029","","","2130023","The status roll-up that summarizes the entire status of the device","aggregated_status*"
"2013617","0","2480185","2190092","2013616","","2130023","The status roll-up that summarizes the entire status of the device","aggregated_status*"
"2013619","0","2480185","2190030","2013606","","2130023","Gives the status as a red, yellow, green or black (unassessed)","communications_status_roll_up*"
"2013620","0","2480185","2190030","2013448","","2130023","Gives the status as a red, yellow, green or black (unassessed)","power_status_roll_up*"
"2013621","0","2480185","2190030","2013450","","2130023","Gives the status as a red, yellow, green or black (unassessed)","data_status_roll_up*"
"2013622","0","2480185","2190030","2013451","","2130023","Gives the status as a red, yellow, green or black (unassessed)","location_status_roll_up*"
"2013623","0","2480185","2190058","","","2130023","Gives the status as a red, yellow, green or black (unassessed)","location_status_roll_up*"
"2013624","0","2480185","2190017","","","2130023","The status roll-up that summarizes the entire status of the data product","aggregated_status*"
"2013625","","2480187","2190059","","","2130023","graph displaying network relationships","network_graph*"
