Scenario,ID,confluence,name,parameter_ids,temporal_parameter,parameters,Review Status,SKIP
DOC,"Internal Resource ID
The format for this column must be 
DICT###",Confluence reference,Canonical name of the parameter dictionary,Parameter Definition IDs,Temporal Domain Parameter Identifier,THIS COLUMN IS FOR READABILITY ONLY,,
BASE,DICT1,,ctd_parsed_param_dict,"PD863,PD7,PD10,PD11,PD12,PD16,PD8,PD9,PD2,PD1,PD6,PD3,PD5,PD17",PD7,,,
BASE,DICT2,"OBSOLETE: use ""raw""",ctd_raw_param_dict,"PD7,PD10,PD11,PD12,PD16,PD8,PD9,PD17,PD26,PD863",PD7,"time,port_timestamp,driver_timestamp,internal_timestamp,preferred_timestamp,lat,lon,quality_flag,raw
",,
BASE,DICT3,,graph_image_param_dict,"PD18,PD19,PD21,PD22,PD20,PD863",PD18,,,
BASE,DICT4,,google_dt,"PD18,PD23,PD863",PD18,,,
BASE,DICT5,ISSUE: Needs time param,mpl_graph,"PD18,PD24,PD863",PD18,,,
TEST,DICT6,,sample,PD30,,,,
BASE,DICT7,,platform_eng_parsed,"PD7,PD12,PD16,PD8,PD9,PD863,PD884,PD885,PD886,PD887",PD7,,,
VOID,DICT8,,parad_parsed,"PD7,PD10,PD11,PD12,PD16,PD13,PD28,PD14,PD15,PD863",PD7,"time,port_timestamp,driver_timestamp,internal_timestamp,preferred_timestamp,serial_num,elapsed_time,counts,checksum",,
BASE,DICT9,,raw,"PD7,PD10,PD11,PD12,PD16,PD8,PD9,PD17,PD26,PD863",PD7,"time,port_timestamp,driver_timestamp,internal_timestamp,preferred_timestamp,lat,lon,quality_flag,raw
",,
VOID,DICT10,,trhph_parsed,"PD7,PD10,PD11,PD12,PD16,PD61,PD62,PD63,PD64,PD65,PD66,PD67,PD68,PD69,PD70,PD71,PD72,PD863",PD7,"time,port_timestamp,driver_timestamp,internal_timestamp,preferred_timestamp,Resistivity5,ResistivityX1,ResistivityX5,Hydrogen5,HydrogenX1,HydrogenX5,EhSensor,RefTempVolts,RefTempDegC,ResistivityTempVolts,ResistivityTempDegC,BatteryVoltage",,
VOID,DICT11,,prest_parsed,"PD7,PD10,PD11,PD12,PD16,PD73,PD74,PD75,PD2,PD76,PD863",PD7,"time,port_timestamp,driver_timestamp,internal_timestamp,preferred_timestamp,sample_number,sample_type,InstTime,pressure,pressure_temp",,
VOID,DICT12,,velpt_parsed,"PD7,PD10,PD11,PD12,PD16,PD77,PD78,PD79,PD80,PD81,PD82,PD83,PD84,PD2,PD85,PD86,PD87,PD88,PD89,PD90,PD91,PD92,PD863",PD7,"time,port_timestamp,driver_timestamp,internal_timestamp,preferred_timestamp,timestamp,error,analog1,battery_voltage,sound_speed_analog2,heading,pitch,roll,pressure,status,temperature,velocity_beam1,velocity_beam2,velocity_beam3,amplitude_beam1,amplitude_beam2,amplitude_beam3",,
VOID,DICT13,,nutnr_parsed,"PD7,PD10,PD11,PD12,PD16,PD863",PD7,"time,port_timestamp,driver_timestamp,internal_timestamp,preferred_timestamp",,
VOID,DICT14,,presf_raw,"PD7,PD10,PD11,PD12,PD16,PD26,PD863",PD7,"time_quantity_float64_seconds_since_1900-01-01,port_timestamp_quantity_float64_seconds_since_1900-01-01,driver_timestamp_quantity_float64_seconds_since_1900-01-01,preferred_timestamp_category_int8_string_int8_1,raw_array_quantity_opaque_1",,
BETA,DICT15,,presf_tide_measurement,"PD7,PD10,PD11,PD12,PD16,PD93,PD94,PD29,PD742,PD863,PD891",PD7,"time_quantity_float64_seconds_since_1900-01-01,port_timestamp_quantity_float64_seconds_since_1900-01-01,driver_timestamp_quantity_float64_seconds_since_1900-01-01,internal_timestamp_quantity_float64_seconds_since_1900-01-01,preferred_timestamp_category_int8_string_int8_1,date_time_string_array_quantity_str_1,absolute_pressure_quantity_float32_psi,pressure_temp_quantity_float32_deg_C,temp_quantity_float32_deg_C",,
BETA,DICT16,,presf_operating_status,"PD7,PD10,PD11,PD12,PD16,PD113,PD114,PD93,PD115,PD116,PD117,PD118,PD119,PD120,PD121,PD122,PD123,PD124,PD126,PD127,PD128,PD129,PD130,PD131,PD132,PD133,PD134,PD135,PD136,PD137,PD138,PD139,PD140,PD141,PD142,PD143,PD144,PD156,PD157,PD863",PD7,"time_quantity_float64_seconds_since_1900-01-01,port_timestamp_quantity_float64_seconds_since_1900-01-01,driver_timestamp_quantity_float64_seconds_since_1900-01-01,internal_timestamp_quantity_float64_seconds_since_1900-01-01,preferred_timestamp_category_int8_string_int8_1,firmware_version_constant_quantity_str_1,serial_number_constant_quantity_int32_1,date_time_string_array_quantity_str_1,user_info_quantity_str_1,quartz_pressure_sensor_serial_number_constant_quantity_int32_1,pressure_sensor_range_range_quantity_int16_psia,external_temperature_sensor_boolean_int8_1,external_conductivity_sensor_boolean_int8_1,operational_current_quantity_float32_mA,battery_voltage_main_quantity_float32_V,battery_voltage_lithium_quantity_float32_V,last_sample_absolute_press_quantity_float32_psi,last_sample_temp_quantity_float32_deg_C,tide_measurement_interval_quantity_int16_min,tide_measurement_duration_quantity_int16_s,wave_samples_between_tide_measurements_quantity_int16_1,wave_samples_per_burst_quantity_int16_1,wave_samples_scans_per_second_quantity_float32_1,wave_samples_duration_quantity_float32_s,logging_start_time_array_quantity_str_1,logging_stop_time_array_quantity_str_1,tide_samples_per_day_quantity_int16_count,wave_bursts_per_day_quantity_int16_count,memory_endurance_quantity_float32_days,nominal_alkaline_battery_endurance_quantity_float32_days,total_recorded_tide_measurements_quantity_int32_count,total_recorded_wave_bursts_quantity_int32_count,tide_measurements_since_last_start_quantity_int32_count,wave_bursts_since_last_start_quantity_int32_count,tx_tide_samples_boolean_int8_1,tx_wave_burst_boolean_int8_1,tx_wave_stats_boolean_int8_1,device_status_array_quantity_str_1,logging_status_boolean_int8_1",,
BETA,DICT17,,presf_calibration_coefficients,"PD7,PD10,PD11,PD12,PD16,PD158,PD159,PD160,PD161,PD162,PD163,PD164,PD165,PD166,PD167,PD168,PD169,PD170,PD171,PD172,PD173,PD174,PD175,PD176,PD177,PD178,PD179,PD180,PD181,PD182,PD183,PD184,PD185,PD186,PD187,PD863",PD7,"time_quantity_float64_seconds_since_1900-01-01,port_timestamp_quantity_float64_seconds_since_1900-01-01,driver_timestamp_quantity_float64_seconds_since_1900-01-01,preferred_timestamp_category_int8_string_int8_1,calibration_date_pressure_constant_array_quantity_str_1,press_coeff_pu0_constant_quantity_float32_1,press_coeff_py1_constant_quantity_float32_1,press_coeff_py2_constant_quantity_float32_1,press_coeff_py3_constant_quantity_float32_1,press_coeff_pc1_constant_quantity_float32_1,press_coeff_pc2_constant_quantity_float32_1,press_coeff_pc3_constant_quantity_float32_1,press_coeff_pd1_constant_quantity_float32_1,press_coeff_pd2_constant_quantity_float32_1,press_coeff_pt1_constant_quantity_float32_1,press_coeff_pt2_constant_quantity_float32_1,press_coeff_pt3_constant_quantity_float32_1,press_coeff_pt4_constant_quantity_float32_1,press_coeff_m_constant_quantity_float32_1,press_coeff_b_constant_quantity_float32_1,press_coeff_poffset_constant_quantity_float32_psi,calibration_date_temperature_constant_array_quantity_str_1,temp_coeff_ta0_constant_quantity_float32_1,temp_coeff_ta1_constant_quantity_float32_1,temp_coeff_ta2_constant_quantity_float32_1,temp_coeff_ta3_constant_quantity_float32_1,calibration_date_conductivity_constant_array_quantity_str_1,cond_coeff_cg_constant_quantity_float32_1,cond_coeff_ch_constant_quantity_float32_1,cond_coeff_ci_constant_quantity_float32_1,cond_coeff_cj_constant_quantity_float32_1,cond_coeff_ctcor_constant_quantity_float32_1,cond_coeff_cpcor_constant_quantity_float32_1,cond_coeff_cslope_constant_quantity_float32_1",,
VOID,DICT18,,ctdbp_cdef_raw,"PD7,PD10,PD11,PD12,PD16,PD26,PD863",PD7,"time_quantity_float64_seconds_since_1900-01-01,port_timestamp_quantity_float64_seconds_since_1900-01-01,driver_timestamp_quantity_float64_seconds_since_1900-01-01,preferred_timestamp_category_int8_string_int8_1,raw_array_quantity_opaque_1",,
BETA,DICT19,,ctdbp_cdef_sample,"PD7,PD10,PD11,PD12,PD16,PD193,PD194,PD195,PD196,PD198,PD863",PD7,"time_quantity_float64_seconds_since_1900-01-01, port_timestamp_quantity_float64_seconds_since_1900-01-01, driver_timestamp_quantity_float64_seconds_since_1900-01-01, preferred_timestamp_category_int8_string_int8_1, temperature_quantity_int32_counts, conductivity_quantity_int32_counts, pressure_quantity_int32_counts, pressure_temp_quantity_int32_counts, ctd_time_quantity_int32_s",,
BETA,DICT20,,ctdbp_cdef_status,"PD7, PD10, PD11,PD12,PD16,PD113,PD114,PD93,PD121,PD122,PD120,PD199,PD202,PD203,PD204,PD205,PD206,PD207, PD208, PD209, PD210, PD211, PD212, PD117, PD213, PD214, PD215, PD216, PD217, PD218, PD219, PD220, PD221, PD222, PD223, PD224, PD225, PD226, PD227, PD228,PD863",PD7,"time_quantity_float64_seconds_since_1900-01-01, port_timestamp_quantity_float64_seconds_since_1900-01-01, driver_timestamp_quantity_float64_seconds_since_1900-01-01, preferred_timestamp_category_int8_string_int8_1, firmware_version_constant_quantity_str_1, serial_number_constant_quantity_int32_1, date_time_string_array_quantity_str_1, battery_voltage_main_quantity_float32_V, battery_voltage_lithium_quantity_float32_V, operational_current_quantity_float32_mA, pump_current_quantity_float32_mA, logging_status_category_int8_string_int8_1, num_samples_quantity_int32_counts, mem_free_quantity_int32_bytes, sample_interval_quantity_int16_s, measurements_per_sample_quantity_int8_counts, pump_mode_category_int8_string_int8_1, delay_before_sampling_quantity_float16_s, delay_after_sampling_quantity_float16_s, tx_real_time_boolean_int8_1, battery_cutoff_quantity_float32_V, pressure_sensor_type_category_int8_string_int8_1, pressure_sensor_range_range_quantity_int16_psi, sbe38_boolean_int8_1, sbe50_boolean_int8_1, wetlabs_boolean_int8_1, optode_boolean_int8_1, gas_tension_device_boolean_int8_1, ext_volt_0_boolean_int8_1, ext_volt_1_boolean_int8_1, ext_volt_2_boolean_int8_1, ext_volt_3_boolean_int8_1, ext_volt_4_boolean_int8_1, ext_volt_5_boolean_int8_1, echo_characters_boolean_int8_1, output_format_category_int8_string_int8_1, output_salinity_boolean_int8_1, output_sound_velocity_boolean_int8_1, serial_sync_mode_boolean_int8_1",,
BETA,DICT21,,ctdbp_cdef_calibration_coefficients,"PD7, PD10, PD11, PD12, PD16, PD113, PD114, PD93, PD175, PD176, PD177, PD178, PD179, PD229, PD180, PD181, PD182, PD183, PD184, PD186, PD185, PD187, PD230, PD117, PD158, PD231, PD232, PD233, PD234, PD235, PD236, PD237, PD238, PD239, PD240, PD241, PD242, PD174, PD244, PD243, PD246, PD245, PD248, PD247, PD250, PD249, PD252, PD251, PD254, PD253, PD255,PD863",PD7,"time_quantity_float64_seconds_since_1900-01-01, port_timestamp_quantity_float64_seconds_since_1900-01-01, driver_timestamp_quantity_float64_seconds_since_1900-01-01, preferred_timestamp_category_int8_string_int8_1, firmware_version_constant_quantity_str_1, serial_number_constant_quantity_int32_1, date_time_string_array_quantity_str_1, calibration_date_temperature_constant_array_quantity_str_1, temp_coeff_ta0_constant_quantity_float32_1, temp_coeff_ta1_constant_quantity_float32_1, temp_coeff_ta2_constant_quantity_float32_1, temp_coeff_ta3_constant_quantity_float32_1, temp_coeff_offset_constant_quantity_float32_1, calibration_date_conductivity_constant_array_quantity_str_1, cond_coeff_cg_constant_quantity_float32_1, cond_coeff_ch_constant_quantity_float32_1, cond_coeff_ci_constant_quantity_float32_1, cond_coeff_cj_constant_quantity_float32_1, cond_coeff_cpcor_constant_quantity_float32_1, cond_coeff_ctcor_constant_quantity_float32_1, cond_coeff_cslope_constant_quantity_float32_1, press_serial_number_constant_quantity_int32_1, pressure_sensor_range_range_quantity_int16_psi, calibration_date_pressure_constant_array_quantity_str_1, press_coeff_pa0_constant_quantity_float32_1, press_coeff_pa1_constant_quantity_float32_1, press_coeff_pa2_constant_quantity_float32_1, press_coeff_ptempa0_constant_quantity_float32_1, press_coeff_ptempa1_constant_quantity_float32_1, press_coeff_ptempa2_constant_quantity_float32_1, press_coeff_ptca0_constant_quantity_float32_1, press_coeff_ptca1_constant_quantity_float32_1, press_coeff_ptca2_constant_quantity_float32_1, press_coeff_ptcb0_constant_quantity_float32_1, press_coeff_ptcb1_constant_quantity_float32_1, press_coeff_ptcb2_constant_quantity_float32_1, press_coeff_poffset_constant_quantity_float32_psi, ext_volt0_offset_constant_quantity_float32_1, ext_volt0_slope_constant_quantity_float32_1, ext_volt1_offset_constant_quantity_float32_1, ext_volt1_slope_constant_quantity_float32_1, ext_volt2_offset_constant_quantity_float32_1, ext_volt2_slope_constant_quantity_float32_1, ext_volt3_offset_constant_quantity_float32_1, ext_volt3_slope_constant_quantity_float32_1, ext_volt4_offset_constant_quantity_float32_1, ext_volt4_slope_constant_quantity_float32_1, ext_volt5_offset_constant_quantity_float32_1, ext_volt5_slope_constant_quantity_float32_1, ext_freq_sf_constant_quantity_float32_1",,
VOID,DICT22,,ctdbp_no_raw,"PD7,PD10,PD11,PD12,PD16,PD26,PD863",PD7,"time_quantity_float64_seconds_since_1900-01-01,port_timestamp_quantity_float64_seconds_since_1900-01-01,driver_timestamp_quantity_float64_seconds_since_1900-01-01,preferred_timestamp_category_int8_string_int8_1,raw_array_quantity_opaque_1",,
SP_TEST,DICT23,,ctdbp_no_sample,"PD7, PD10, PD11, PD12, PD16, PD193, PD194, PD195, PD196, PD835, PD836, PD197, PD198,PD863",PD7,"time_quantity_float64_seconds_since_1900-01-01, port_timestamp_quantity_float64_seconds_since_1900-01-01, driver_timestamp_quantity_float64_seconds_since_1900-01-01, preferred_timestamp_category_int8_string_int8_1, temperature_quantity_int32_counts, conductivity_quantity_int32_counts, pressure_quantity_int32_counts, pressure_temp_quantity_int32_counts, oxygen_quantity_int32_counts, ctd_time_quantity_int32_s",,
SP_TEST,DICT24,,ctdbp_no_hardware,"PD7, PD10, PD11, PD12, PD16, PD114, PD113, PD293, PD259, PD295, PD261, PD297, PD257, PD258, PD212, PD116,PD863",PD7,"time_quantity_float64_seconds_since_1900-01-01, port_timestamp_quantity_float64_seconds_since_1900-01-01, driver_timestamp_quantity_float64_seconds_since_1900-01-01, preferred_timestamp_category_int8_string_int8_1, serial_number_constant_quantity_int32_1, firmware_version_constant_quantity_str_1, firmware_date_array_quantity_str_1, command_set_version_constant_quantity_str_1, pcb_serial_number_constant_array_quantity_str_1, assembly_number_constant_array_quantity_str_1, manufacture_date_constant_array_quantity_str_1, temp_sensor_serial_number_constant_quantity_int32_1, cond_sensor_serial_number_constant_quantity_int32_1, pressure_sensor_type_category_int8_string_int8_1, quartz_pressure_sensor_serial_number_constant_quantity_int32_1",,
SP_TEST,DICT25,,ctdbp_no_calibration_coefficients,"PD7, PD10, PD11, PD12, PD16, PD113, PD114, PD93, PD257, PD175, PD176, PD177, PD178, PD179, PD229, PD258, PD180, PD181, PD182, PD183, PD184, PD186, PD185, PD187, PD230, PD158, PD163, PD164, PD165, PD166, PD167, PD168, PD169, PD170, PD171, PD256, PD174, PD117, PD244, PD243, PD246, PD245, PD248, PD247, PD250, PD249, PD252, PD251, PD254, PD253, PD255,PD863",PD7,"time_quantity_float64_seconds_since_1900-01-01, port_timestamp_quantity_float64_seconds_since_1900-01-01, driver_timestamp_quantity_float64_seconds_since_1900-01-01, preferred_timestamp_category_int8_string_int8_1, firmware_version_constant_quantity_str_1, serial_number_constant_quantity_int32_1, date_time_string_array_quantity_str_1, temp_sensor_serial_number_constant_quantity_int32_1, calibration_date_temperature_constant_array_quantity_str_1, temp_coeff_ta0_constant_quantity_float32_1, temp_coeff_ta1_constant_quantity_float32_1, temp_coeff_ta2_constant_quantity_float32_1, temp_coeff_ta3_constant_quantity_float32_1, temp_coeff_offset_constant_quantity_float32_1, cond_sensor_serial_number_constant_quantity_int32_1, calibration_date_conductivity_constant_array_quantity_str_1, cond_coeff_cg_constant_quantity_float32_1, cond_coeff_ch_constant_quantity_float32_1, cond_coeff_ci_constant_quantity_float32_1, cond_coeff_cj_constant_quantity_float32_1, cond_coeff_cpcor_constant_quantity_float32_1, cond_coeff_ctcor_constant_quantity_float32_1, cond_coeff_cslope_constant_quantity_float32_1, press_serial_number_constant_quantity_int32_1, calibration_date_pressure_constant_array_quantity_str_1, press_coeff_pc1_constant_quantity_float32_1, press_coeff_pc2_constant_quantity_float32_1, press_coeff_pc3_constant_quantity_float32_1, press_coeff_pd1_constant_quantity_float32_1, press_coeff_pd2_constant_quantity_float32_1, press_coeff_pt1_constant_quantity_float32_1, press_coeff_pt2_constant_quantity_float32_1, press_coeff_pt3_constant_quantity_float32_1, press_coeff_pt4_constant_quantity_float32_1, press_coeff_pslope_constant_quantity_float32_1, press_coeff_poffset_constant_quantity_float32_psi, pressure_sensor_range_range_quantity_int16_psi, ext_volt0_offset_constant_quantity_float32_1, ext_volt0_slope_constant_quantity_float32_1, ext_volt1_offset_constant_quantity_float32_1, ext_volt1_slope_constant_quantity_float32_1, ext_volt2_offset_constant_quantity_float32_1, ext_volt2_slope_constant_quantity_float32_1, ext_volt3_offset_constant_quantity_float32_1, ext_volt3_slope_constant_quantity_float32_1, ext_volt4_offset_constant_quantity_float32_1, ext_volt4_slope_constant_quantity_float32_1, ext_volt5_offset_constant_quantity_float32_1, ext_volt5_slope_constant_quantity_float32_1, ext_freq_sf_constant_quantity_float32_1",,
SP_TEST,DICT26,,ctdbp_no_status,"PD7, PD10, PD11, PD12, PD16, PD114, PD93, PD202, PD263, PD121, PD122, PD120, PD199, PD200, PD201, PD204, PD203, PD264, PD265, PD266,PD863",PD7,"time_quantity_float64_seconds_since_1900-01-01, port_timestamp_quantity_float64_seconds_since_1900-01-01, driver_timestamp_quantity_float64_seconds_since_1900-01-01, preferred_timestamp_category_int8_string_int8_1, serial_number_constant_quantity_int32_1, date_time_string_array_quantity_str_1, logging_status_category_int8_string_int8_1, num_events_quantity_int32_counts, battery_voltage_main_quantity_float32_V, battery_voltage_lithium_quantity_float32_V, operational_current_quantity_float32_mA, pump_current_quantity_float32_mA, serial_current_quantity_float32_mA, mem_free_quantity_int32_bytes, num_samples_quantity_int32_counts, samples_free_quantity_int32_counts, sample_length_quantity_int32_bytes, headers_quantity_int32_counts",,
SP_TEST,DICT27,,ctdbp_no_configuration,"PD7, PD10, PD11, PD12, PD16, PD114, PD205, PD206, PD260, PD207, PD208, PD209, PD210, PD211, PD218, PD219, PD220, PD221, PD222, PD223, PD213, PD214, PD215, PD216, PD217, PD224, PD267, PD225, PD226, PD227, PD262, PD228,PD863",PD7,"time_quantity_float64_seconds_since_1900-01-01, port_timestamp_quantity_float64_seconds_since_1900-01-01, driver_timestamp_quantity_float64_seconds_since_1900-01-01, preferred_timestamp_category_int8_string_int8_1, serial_number_constant_quantity_int32_1, sample_interval_quantity_int16_s, measurements_per_sample_quantity_int8_counts, paros_integration_quantity_float32_s, pump_mode_category_int8_string_int8_1, delay_before_sampling_quantity_float16_s, delay_after_sampling_quantity_float16_s, tx_real_time_boolean_int8_1, battery_cutoff_quantity_float32_V, ext_volt_0_boolean_int8_1, ext_volt_1_boolean_int8_1, ext_volt_2_boolean_int8_1, ext_volt_3_boolean_int8_1, ext_volt_4_boolean_int8_1, ext_volt_5_boolean_int8_1, sbe38_boolean_int8_1, sbe50_boolean_int8_1, wetlabs_boolean_int8_1, optode_boolean_int8_1, gas_tension_device_boolean_int8_1, echo_characters_boolean_int8_1, output_executed_tag_boolean_int8_1, output_format_category_int8_string_int8_1, output_salinity_boolean_int8_1, output_sound_velocity_boolean_int8_1, output_sigmat_boolean_int8_1, serial_sync_mode_boolean_int8_1",,
SP_TEST,DICT28,,parad_sa_sample,"PD7, PD10, PD11, PD12, PD16, PD114, PD28, PD188, PD15,PD863",PD7,"time_quantity_float64_seconds_since_1900-01-01, port_timestamp_quantity_float64_seconds_since_1900-01-01, driver_timestamp_quantity_float64_seconds_since_1900-01-01, preferred_timestamp_category_int8_string_int8_1",,
VOID,DICT29,,parad_sa_raw,"PD7,PD10,PD11,PD12,PD16,PD26,PD863",PD7,"time_quantity_float64_seconds_since_1900-01-01,port_timestamp_quantity_float64_seconds_since_1900-01-01,driver_timestamp_quantity_float64_seconds_since_1900-01-01,preferred_timestamp_category_int8_string_int8_1,raw_array_quantity_opaque_1",,
VOID,DICT30,,prest_raw,"PD7,PD10,PD11,PD12,PD16,PD26,PD863",PD7,"time_quantity_float64_seconds_since_1900-01-01,port_timestamp_quantity_float64_seconds_since_1900-01-01,driver_timestamp_quantity_float64_seconds_since_1900-01-01,preferred_timestamp_category_int8_string_int8_1,raw_array_quantity_opaque_1",,
BETA,DICT31,,prest_real_time,"PD7,PD10,PD11,PD12,PD16,PD73,PD74,PD93,PD94,PD29,PD863,PD891",PD7,"time_quantity_float64_seconds_since_1900-01-01,port_timestamp_quantity_float64_seconds_since_1900-01-01,driver_timestamp_quantity_float64_seconds_since_1900-01-01,internal_timestamp_quantity_float64_seconds_since_1900-01-01,preferred_timestamp_category_int8_string_int8_1,sample_number_quantity_int32_count,sample_type_array_quantity_string_1,date_time_string_array_quantity_str_1,absolute_pressure_quantity_float32_psi,pressure_temp_quantity_float32_deg_C",,
BETA,DICT32,,prest_reference_oscillator,"PD7,PD10,PD11,PD12,PD16,PD268,PD269,PD73,PD74,PD93,PD271,PD272,PD273,PD863",PD7,"time_quantity_float64_seconds_since_1900-01-01,port_timestamp_quantity_float64_seconds_since_1900-01-01,driver_timestamp_quantity_float64_seconds_since_1900-01-01,internal_timestamp_quantity_float64_seconds_since_1900-01-01,preferred_timestamp_category_int8_string_int8_1,set_timeout_quantity_int32_msec,set_timeout_max_quantity_int32_msec,set_timeout_max_quantity_int32_msec,sample_number_quantity_int32_count,sample_type_array_quantity_str_1,date_time_string_array_quantity_str_1,reference_oscillator_freq_quantity_float32_Hz,pcb_thermistor_value_quantity_int32_count,reference_error_quantity_float32_ppm",,
BETA,DICT33,,prest_configuration_data,"PD7,PD10,PD11,PD12,PD16,PD274,PD114,PD275,PD276,PD277,PD278,PD279,PD280,PD158,PD159,PD160,PD161,PD162,PD163,PD164,PD165,PD166,PD167,PD168,PD169,PD170,PD171,PD174,PD281,PD282,PD283,PD284,PD285,PD286,PD863",PD7,"time_quantity_float64_seconds_since_1900-01-01,port_timestamp_quantity_float64_seconds_since_1900-01-01,driver_timestamp_quantity_float64_seconds_since_1900-01-01,preferred_timestamp_category_int8_string_int8_1,device_type_constant_array_quantity_str_1,serial_number_constant_quantity_int32_1,calibration_date_acq_crystal_constant_array_quantity_str_1,acq_crystal_coeff_fra0_constant_quantity_float32_1,acq_crystal_coeff_fra1_constant_quantity_float32_1,acq_crystal_coeff_fra2_constant_quantity_float32_1,acq_crystal_coeff_fra3_constant_quantity_float32_1,pressure_sensor_serial_number_constant_quantity_int32_1,calibration_date_pressure_constant_array_quantity_str_1,press_coeff_pu0_constant_quantity_float32_1,press_coeff_py1_constant_quantity_float32_1,press_coeff_py2_constant_quantity_float32_1,press_coeff_py3_constant_quantity_float32_1,press_coeff_pc1_constant_quantity_float32_1,press_coeff_pc2_constant_quantity_float32_1,press_coeff_pc3_constant_quantity_float32_1,press_coeff_pd1_constant_quantity_float32_1,press_coeff_pd2_constant_quantity_float32_1,press_coeff_pt1_constant_quantity_float32_1,press_coeff_pt2_constant_quantity_float32_1,press_coeff_pt3_constant_quantity_float32_1,press_coeff_pt4_constant_quantity_float32_1,press_coeff_poffset_constant_quantity_float32_psi,pressure_sensor_range_range_quantity_int32_psi,battery_type_category_int8_string_int8_1,baud_rate_quantity_int32_Bd,enable_alerts_boolean_int8_1,upload_type_category_int8_string_int8_1,sample_period_quantity_int32_s",,
BETA,DICT34,,prest_device_status,"PD7,PD10,PD11,PD12,PD16,PD274,PD287,PD114,PD93,PD288,PD121,PD73,PD289,PD290,PD863",PD7,"time_quantity_float64_seconds_since_1900-01-01,port_timestamp_quantity_float64_seconds_since_1900-01-01,driver_timestamp_quantity_float64_seconds_since_1900-01-01,internal_timestamp_quantity_float64_seconds_since_1900-01-01,preferred_timestamp_category_int8_string_int8_1,device_type_constant_array_quantity_str_1,version_constant_array_quantity_str_1,serial_number_constant_quantity_int32_1,date_time_string_array_quantity_str_1,event_count_quantity_int32_count,battery_voltage_main_quantity_float32_V,sample_number_quantity_int32_count,bytes_used_quantity_int32_1,bytes_free_quantity_int32_1",,
BETA,DICT35,,prest_event_counter,"PD7,PD10,PD11,PD16,PD274,PD114,PD299,PD300,PD301,PD302,PD303,PD304,PD305,PD306,PD307,PD308,PD309,PD863",PD7,"time_quantity_float64_seconds_since_1900-01-01,port_timestamp_quantity_float64_seconds_since_1900-01-01,driver_timestamp_quantity_float64_seconds_since_1900-01-01,preferred_timestamp_category_int8_string_int8_1,device_type_constant_array_quantity_str_1,serial_number_constant_quantity_int32_1,power_on_reset_quantity_int32_1,power_on_reset_quantity_int32_1,power_fail_reset_quantity_int32_1,watchdog_reset_quantity_int32_1,serial_byte_error_quantity_int32_1,command_buffer_overflow_quantity_int32_1,serial_receive_overflow_quantity_int32_1,low_battery_quantity_int32_1,out_of_memory_quantity_int32_1,signal_error_quantity_int32_1,error_10_quantity_int32_1,error_12_quantity_int32_1",,
BETA,DICT36,,prest_hardware_data,"PD7,PD10,PD11,PD16,PD274,PD114,PD291,PD113,PD293,PD294,PD295,PD296,PD297,PD863",PD7,"time_quantity_float64_seconds_since_1900-01-01,port_timestamp_quantity_float64_seconds_since_1900-01-01,driver_timestamp_quantity_float64_seconds_since_1900-01-01,preferred_timestamp_category_int8_string_int8_1,device_type_constant_array_quantity_str_1,serial_number_constant_quantity_int32_1,manufacturer_constant_array_quantity_str_1,firmware_version_constant_array_quantity_str_1,firmware_date_constant_array_quantity_str_1,hardware_version_constant_array_quantity_str_1,pcb_serial_number_constant_array_quantity_str_1,pcb_type_constant_array_quantity_str_1,manufacture_date_constant_array_quantity_str_1",,
VOID,DICT37,,nutnr_b_raw,"PD7,PD10,PD11,PD16,PD26,PD863",PD7,"time_quantity_float64_seconds_since_1900-01-01,port_timestamp_quantity_float64_seconds_since_1900-01-01,driver_timestamp_quantity_float64_seconds_since_1900-01-01,preferred_timestamp_category_int8_string_int8_1,raw_array_quantity_opaque_1",,
CW_TEST,DICT38,,nutnr_b_sample,"PD7,PD10,PD11,PD12,PD16,PD310,PD312,PD313,PD314,PD315,PD316,PD317,PD318,PD319,PD320,PD321,PD322,PD323,PD324,PD325,PD326,PD327,PD328,PD329,PD330,PD331,PD332,PD333,PD863",PD7,"time_quantity_float64_seconds_since_1900-01-01,port_timestamp_quantity_float64_seconds_since_1900-01-01,driver_timestamp_quantity_float64_seconds_since_1900-01-01,internal_timestamp_quantity_float64_seconds_since_1900-01-01,preferred_timestamp_category_int8_string_int8_1,frame_header_array_quantity_str_1,frame_type_array_quantity_str_1,serial_number_constant_array_quantity_str_1,date_of_sample_quantity_int16_1,time_of_sample_quantity_float64_h,nitrate_concentration_quantity_float32_uMol_L_1,aux_fitting_1_quantity_float32_1,aux_fitting_2_quantity_float32_1,aux_fitting_3_quantity_float32_1,rms_error_quantity_float32_uMol_L_1,temp_interior_quantity_float32_deg_C,temp_spectrometer_quantity_float32_deg_C,temp_lamp_quantity_float32_deg_C,lamp_time_quantity_float32_s,humidity_quantity_float32_%,voltage_lamp_quantity_float32_V,voltage_analog_quantity_float32_V,voltage_main_quantity_float32_V,ref_channel_average_quantity_float32_counts,ref_channel_variance_quantity_float32_1,sea_water_dark_quantity_float32_counts,spec_channel_average_quantity_float32_counts,spectral_channels_array_quantity_uint16_counts,checksum_quantity_uint8_1",,
CW_TEST,DICT39,,nutnr_b_status,"PD7,PD10,PD11,PD16,PD334,PD335,PD336,PD337,PD338,PD339,PD340,PD113,PD293,PD343,PD114,PD345,PD346,PD347,PD327,PD320,PD321,PD322,PD348,PD349,PD350,PD351,PD352,PD863",PD7,"time_quantity_float64_seconds_since_1900-01-01,port_timestamp_quantity_float64_seconds_since_1900-01-01,driver_timestamp_quantity_float64_seconds_since_1900-01-01,preferred_timestamp_category_int8_string_int8_1,startup_time_quantity_int32_s,persistor_cf_card_array_quantity_str_1,persistor_bios_array_quantity_str_1,persistor_picodos_version_array_quantity_str_1,persistor_picodos_bytes_used_quantity_int32_bytes,cf_card_size_quantity_int32_bytes,cf_card_free_quantity_int32_bytes,firmware_version_array_quantity_str_1,firmware_date_array_quantity_str_1,previous_shutdown_code_array_quantity_str_1,serial_number_quantity_int32_1,operating_mode_array_quantity_str_1,use_shutter_darks_bool_int8_1,lamp_time_quantity_int32_s,voltage_main_quantity_float32_V,temp_interior_quantity_float32_deg_C,temp_spectrometer_quantity_float32_deg_C,temp_lamp_quantity_float32_deg_C,spec_on_time_quantity_int32_s,spec_powered_time_quantity_int32_s,lamp_on_time_quantity_int32_s,lamp_powered_time_quantity_int32_s,data_log_file_array_quantity_str_1",,
VOID,DICT40,,pco2w_b_raw,"PD7,PD10,PD11,PD16,PD26,PD863",PD7,"time_quantity_float64_seconds_since_1900-01-01,port_timestamp_quantity_float64_seconds_since_1900-01-01,driver_timestamp_quantity_float64_seconds_since_1900-01-01,preferred_timestamp_category_int8_string_int8_1,raw_array_quantity_opaque_1",,
CW_TEST,DICT41,,pco2w_b_control_record,"PD7,PD10,PD11,PD12,PD16,PD353,PD354,PD355,PD356,PD333,PD863",PD7,"time_quantity_float64_seconds_since_1900-01-01,port_timestamp_quantity_float64_seconds_since_1900-01-01,driver_timestamp_quantity_float64_seconds_since_1900-01-01,internal_timestamp_quantity_float64_seconds_since_1900-01-01,preferred_timestamp_category_int8_string_int8_1,unique_id_quantity_uint8_1,record_length_quantity_uint8_1,record_type_quantity_uint8_1,record_time_quantity_int32_s,checksum_quantity_uint8_1",,
CW_TEST,DICT42,,pco2w_b_data_record,"PD7,PD10,PD11,PD12,PD16,PD353,PD354,PD355,PD356,PD357,PD358,PD359,PD333,PD863",PD7,"time_quantity_float64_seconds_since_1900-01-01,port_timestamp_quantity_float64_seconds_since_1900-01-01,driver_timestamp_quantity_float64_seconds_since_1900-01-01,internal_timestamp_quantity_float64_seconds_since_1900-01-01,preferred_timestamp_category_int8_string_int8_1,unique_id_quantity_uint8_1,record_length_quantity_uint8_1,record_type_quantity_uint8_1,record_time_quantity_int32_s,light_measurements_array_quantity_int16_counts,voltage_battery_quantity_int16_counts,thermistor_raw_quantity_int16_counts,checksum_quantity_uint8_1",,
CW_TEST,DICT43,,pco2w_b_immediate_status,"PD7,PD10,PD11,PD16,PD360,PD361,PD362,PD363,PD364,PD863",PD7,"time_quantity_float64_seconds_since_1900-01-01,port_timestamp_quantity_float64_seconds_since_1900-01-01,driver_timestamp_quantity_float64_seconds_since_1900-01-01,preferred_timestamp_category_int8_string_int8_1,pump_on_boolean_int8_1,valve_on_boolean_int8_1,external_power_on_boolean_int8_1,debug_led_boolean_int8_1,debug_echo_boolean_int8_1",,
CW_TEST,DICT44,,pco2w_b_regular_status,"PD7,PD10,PD11,PD12,PD16,PD365,PD366,PD367,PD368,PD369,PD370,PD371,PD372,PD373,PD374,PD375,PD376,PD377,PD378,PD379,PD863",PD7,"time_quantity_float64_seconds_since_1900-01-01,port_timestamp_quantity_float64_seconds_since_1900-01-01,driver_timestamp_quantity_float64_seconds_since_1900-01-01,internal_timestamp_quantity_float64_seconds_since_1900-01-01,preferred_timestamp_category_int8_string_int8_1,elapsed_time_config_quantity_int32_s,clock_active_boolean_int8_1,recording_active_boolean_int8_1,record_end_on_time_boolean_int8_1,record_memory_full_boolean_int8_1,record_end_on_error_boolean_int8_1,data_download_ok_boolean_int8_1,flash_memory_open_boolean_int8_1,battery_error_fatal_boolean_int8_1,battery_low_measurement_boolean_int8_1,battery_low_blank_boolean_int8_1,battery_low_external_boolean_int8_1,external_device_fault_quantity_int8_1,flash_erased_boolean_int8_1,power_on_invalid_boolean_int8_1",,
CW_TEST,DICT45,,pco2w_b_configuration,"PD7,PD10,PD11,PD12,PD16,PD380,PD381,PD382,PD383,PD384,PD385,PD386,PD387,PD388,PD389,PD390,PD391,PD392,PD393,PD394,PD395,PD396,PD397,PD398,PD399,PD400,PD401,PD402,PD403,PD404,PD405,PD406,PD407,PD408,PD409,PD410,PD411,PD412,PD413,PD414,PD415,PD416,PD417,PD418,PD419,PD420,PD863",PD7,"time_quantity_float64_seconds_since_1900-01-01,port_timestamp_quantity_float64_seconds_since_1900-01-01,driver_timestamp_quantity_float64_seconds_since_1900-01-01,internal_timestamp_quantity_float64_seconds_since_1900-01-01,preferred_timestamp_category_int8_string_int8_1,launch_time_quantity_int32_s,start_time_offset_quantity_int32_s_,recording_time_quantity_int32_s,pmi_sample_schedule_boolean_int8_1,sami_sample_schedule_boolean_int8_1,slot1_follows_sami_sample_boolean_int8_1,slot1_independent_schedule_boolean_int8_1,slot2_follows_sami_sample_boolean_int8_1,slot2_independent_schedule_boolean_int8_1,slot3_follows_sami_sample_boolean_int8_1,slot3_independent_schedule_boolean_int8_1,timer_interval_sami_quantity_int32_s,driver_id_sami_quantity_int8_1,parameter_pointer_sami_quantity_int8_1,timer_interval_device1_quantity_int32_s,driver_id_device1_quantity_int8_1,parameter_pointer_device1_quantity_int8_1,timer_interval_device2_quantity_int32_s,driver_id_device2_quantity_int8_1,parameter_pointer_device2_quantity_int8_1,timer_interval_device3_quantity_int32_s,driver_id_device3_quantity_int8_1,parameter_pointer_device3_quantity_int8_1,timer_interval_prestart_quantity_int32_s,driver_id_prestart_quantity_int8_1,parameter_pointer_prestart_quantity_int8_1,use_baud_rate_9600_boolean_int8_1,send_record_type_early_boolean_int8_1,send_live_records_boolean_int8_1,extend_global_config_boolean_int8_1,pump_pulse_quantity_uint8_s,pump_on_to_measure_quantity_uint8_s,samples_per_measure_quantity_uint8_counts,cycles_between_blanks_quantity_uint8_counts,num_reagent_cycles_quantity_uint8_counts,num_blank_cycles_quantity_uint8_counts,flush_pump_interval_quantity_uint8_s,blank_flush_on_start_boolean_int8_1,pump_pulse_post_measure_boolean_int8_1,num_extra_pump_cycles_quantity_uint8_counts,cycle_interval_quantity_uint8_s",,
VOID,DICT46,,trhph_raw,"PD7, PD10, PD11, PD12, PD16, PD26,PD863",PD7,"time_quantity_float64_seconds_since_1900-01-01,port_timestamp_quantity_float64_seconds_since_1900-01-01,driver_timestamp_quantity_float64_seconds_since_1900-01-01,preferred_timestamp_category_int8_string_int8_1,raw_array_quantity_opaque_1",,
SP_TEST,DICT47,,trhph_sample,"PD7, PD10, PD11, PD12, PD16, PD421, PD422, PD423, PD424, PD425, PD426, PD427, PD428, PD429, PD430, PD431, PD432,PD863",PD7,"time_quantity_float64_seconds_since_1900-01-01, port_timestamp_quantity_float64_seconds_since_1900-01-01, driver_timestamp_quantity_float64_seconds_since_1900-01-01, preferred_timestamp_category_int8_string_int8_1, resistivity_5_quantity_float32_V, resistivity_x1_quantity_float32_V, resistivity_x5_quantity_float32_V, hydrogen_5_quantity_float32_V, hydrogen_x1_quantity_float32_V, hydrogen_x5_quantity_float32_V, eh_sensor_quantity_float32_V, ref_temp_volts_quantity_float32_V, ref_temp_degc_quantity_float32_deg_C, resistivity_temp_volts_quantity_float32_V, resistivity_temp_degc_quantity_float32_deg_C, battery_voltage_quantity_float32_V",,
VOID,DICT48,,velpt_raw,"PD7,PD10,PD11,PD16,PD26,PD863",PD7,"time_quantity_float64_seconds_since_1900-01-01,port_timestamp_quantity_float64_seconds_since_1900-01-01,driver_timestamp_quantity_float64_seconds_since_1900-01-01,preferred_timestamp_category_int8_string_int8_1,raw_array_quantity_opaque_1",,
CW_TEST,DICT49,,velpt_hardware_configuration,"PD7,PD10,PD11,PD16,PD461,PD462,PD463,PD464,PD465,PD466,PD467,PD468,PD113,PD863",PD7,"time_quantity_float64_seconds_since_1900-01-01,port_timestamp_quantity_float64_seconds_since_1900-01-01,driver_timestamp_quantity_float64_seconds_since_1900-01-01,preferred_timestamp_category_int8_string_int8_1,instrmt_type_serial_number_array_quantity_string_1,recorder_installed_boolean_int8_1,compass_installed_boolean_int8_1,board_frequency_quantity_int16_kHz,pic_version_quantity_int16_1,hardware_revision_quantity_int16_1,recorder_size_quantity_int16_bytes,velocity_range_category_int8_string_int8_1,firmware_version_array_quantity_string_1",,
CW_TEST,DICT50,,velpt_head_configuration,"PD7,PD10,PD11,PD16,PD470,PD471,PD472,PD473,PD474,PD475,PD476,PD477,PD478,PD863",PD7,"time_quantity_float64_seconds_since_1900-01-01,port_timestamp_quantity_float64_seconds_since_1900-01-01,driver_timestamp_quantity_float64_seconds_since_1900-01-01,preferred_timestamp_category_int8_string_int8_1,pressure_sensor_boolean_int8_1,magnetometer_sensor_boolean_int8_1,tilt_sensor_boolean_int8_1,tilt_sensor_mounting_category_int8_string_int8_1,head_frequency_quantity_int16_kHz,head_type_quantity_string_1,head_serial_number_quantity_string_1,system_data_quantity_string_1,number_beams_quantity_int16_1",,
CW_TEST,DICT51,,velpt_user_configuration,"PD7,PD10,PD11,PD16,PD479,PD480,PD481,PD482,PD483,PD484,PD485,PD478,PD487,PD488,PD489,PD490,PD491,PD492,PD493,PD494,PD495,PD496,PD497,PD498,PD499,PD500,PD501,PD502,PD503,PD504,PD505,PD506,PD507,PD508,PD509,PD510,PD511,PD512,PD513,PD514,PD515,PD516,PD517,PD518,PD519,PD520,PD521,PD522,PD523,PD525,PD526,PD527,PD528,PD529,PD530,PD531,PD532,PD533,PD534,PD863",PD7,"time_quantity_float64_seconds_since_1900-01-01,port_timestamp_quantity_float64_seconds_since_1900-01-01,driver_timestamp_quantity_float64_seconds_since_1900-01-01,preferred_timestamp_category_int8_string_int8_1,transmit_pulse_length_quantity_int16_counts,blanking_distance_quantity_int16_counts,receive_length_quantity_int16_counts,time_between_pings_quantity_int16_counts,time_between_bursts_quantity_int16_counts,number_pings_quantity_int16_1,average_interval_quantity_int16_sec,number_beams_quantity_int16_1,profile_type_category_int8_string_int8_1,mode_type_quantity_int8_1,power_level_tcm1_quantity_int8_1,power_level_tcm2_quantity_int8_1,sync_out_position_quantity_int8_1,sample_on_sync_quantity_int8_1,start_on_sync_quantity_int8_1,power_level_pcr1_quantity_int8_1,power_level_pcr2_quantity_int8_1,compass_update_rate_quantity_int16_Hz,coordinate_system_quantity_int8_1,number_cells_quantity_int16_1,cell_size_quantity_int16_m,measurement_interval_quantity_int16_sec,deployment_name_array_quantity_string_1,wrap_moder_quantity_int16_1,deployment_start_time_quantity_int8_1,diagnostics_interval_quantity_int32_sec,use_specified_sound_speed_boolean_int8_1,diagnostics_mode_enable_boolean_int8_1,analog_output_enable_boolean_int8_1,output_format_quantity_int8_1,scaling_quantity_int8_1,serial_output_enable_boolean_int8_1,stage_enable_boolean_int8_1,analog_power_output_boolean_int8_1,sound_speed_adjust_factor_quantity_int16_m_s_1,number_diagnostics_samples_quantity_int16_1,number_beams_per_cell_quantity_int16_1,number_pings_diagnostic_quantity_int16_1,use_dsp_filter_boolean_int8_1,filter_data_output_quantity_int8_1,analog_input_address_quantity_int16_1,software_version_quantity_int16_1,velocity_adjustment_factor_quantity_int16_1,file_comments_array_quantity_string_1,wave_data_rate_quantity_int8_Hz,wave_cell_position_quantity_int8_1,dynamic_position_type_quantity_int8_1,precent_wave_cell_position_quantity_int16_1,wave_transmit_pulse_quantity_int16_1,fixed_wave_blanking_distance_quantity_int16_counts,wave_measurement_cell_size_quantity_int16_m,number_diagnostics_per_wave_quantity_int16_1,number_samples_per_burst_quantity_int16_1,analog_scale_factor_quantity_int16_1,correlation_threshold_quantity_int16_1,transmit_pulse_length_quantity_int16_counts,filter_constants_quantity_int16_1",,
CW_TEST,DICT52,,velpt_velocity_data,"PD7,PD10,PD11,PD12,PD16,PD93,PD433,PD434,PD432,PD435,PD436,PD437,PD438,PD2,PD439,PD440,PD441,PD442,PD443,PD444,PD445,PD446,PD863",PD7,"time_quantity_float64_seconds_since_1900-01-01,port_timestamp_quantity_float64_seconds_since_1900-01-01,driver_timestamp_quantity_float64_seconds_since_1900-01-01,internal_timestamp_quantity_float64_seconds_since_1900-01-01,preferred_timestamp_category_int8_string_int8_1,date_time_string_array_quantity_str_1,error_code_quantity_int16_1,analog1_quantity_int16_1,battery_voltage_quantity_float32_V,sound_speed_analog2_quantity_float32_m_s_1,heading_quantity_float32_degrees,pitch_quantity_float32_degrees,roll_quantity_float32_degrees,pressure_quantity_float32_dbar,status_quantity_int8_1,temperature_quantity_float32_degC,velocity_beam1_quantity_float32_mm_s_1,velocity_beam2_quantity_float32_mm_s_1,velocity_beam3_quantity_float32_mm_s_1,amplitude_beam1_quantity_int16_counts,amplitude_beam2_quantity_int16_counts,amplitude_beam3_quantity_int16_counts",,
CW_TEST,DICT53,,velpt_diagostics_header,"PD7,PD10,PD11,PD16,PD447,PD448,PD449,PD450,PD451,PD452,PD453,PD454,PD455,PD456,PD457,PD458,PD459,PD460,PD863",PD7,"time_quantity_float64_seconds_since_1900-01-01,port_timestamp_quantity_float64_seconds_since_1900-01-01,driver_timestamp_quantity_float64_seconds_since_1900-01-01,preferred_timestamp_category_int8_string_int8_1,records_to_follow_quantity_int16_1,cell_number_diagnostics_quantity_int16_1,noise_amplitude_beam1_quantity_int8_counts,noise_amplitude_beam2_quantity_int8_counts,noise_amplitude_beam3_quantity_int8_counts,noise_amplitude_beam4_quantity_int8_counts,processing_magnitude_beam1_quantity_int16_1,processing_magnitude_beam2_quantity_int16_1,processing_magnitude_beam3_quantity_int16_1,processing_magnitude_beam4_quantity_int16_1,distance_beam1_quantity_int16_1,distance_beam2_quantity_int16_1,distance_beam3_quantity_int16_1,distance_beam4_quantity_int16_1",,
CW_TEST,DICT54,,velpt_diagnostics_data,"PD7,PD10,PD11,PD12,PD16,PD93,PD433,PD434,PD432,PD435,PD436,PD437,PD438,PD2,PD439,PD440,PD441,PD442,PD443,PD444,PD445,PD446,PD863",PD7,"time_quantity_float64_seconds_since_1900-01-01,port_timestamp_quantity_float64_seconds_since_1900-01-01,driver_timestamp_quantity_float64_seconds_since_1900-01-01,internal_timestamp_quantity_float64_seconds_since_1900-01-01,preferred_timestamp_category_int8_string_int8_1,date_time_string_array_quantity_str_1,error_code_quantity_int16_1,analog1_quantity_int16_1,battery_voltage_quantity_float32_V,sound_speed_analog2_quantity_float32_m_s_1,heading_quantity_float32_degrees,pitch_quantity_float32_degrees,roll_quantity_float32_degrees,pressure_quantity_float32_dbar,status_quantity_int8_1,temperature_quantity_float32_degC,velocity_beam1_quantity_float32_mm_s_1,velocity_beam2_quantity_float32_mm_s_1,velocity_beam3_quantity_float32_mm_s_1,amplitude_beam1_quantity_int16_counts,amplitude_beam2_quantity_int16_counts,amplitude_beam3_quantity_int16_counts",,
VOID,DICT55,,vel3d_cd_raw,"PD7,PD10,PD11,PD16,PD26,PD863",PD7,"time_quantity_float64_seconds_since_1900-01-01,port_timestamp_quantity_float64_seconds_since_1900-01-01,driver_timestamp_quantity_float64_seconds_since_1900-01-01,preferred_timestamp_category_int8_string_int8_1,raw_array_quantity_opaque_1",,
CW_TEST,DICT56,,vel3d_cd_hardware_configuration,"PD7,PD10,PD11,PD16,PD461,PD462,PD463,PD464,PD465,PD466,PD467,PD468,PD113,PD863",PD7,"time_quantity_float64_seconds_since_1900-01-01,port_timestamp_quantity_float64_seconds_since_1900-01-01,driver_timestamp_quantity_float64_seconds_since_1900-01-01,preferred_timestamp_category_int8_string_int8_1,instrmt_type_serial_number_array_quantity_string_1,recorder_installed_boolean_int8_1,compass_installed_boolean_int8_1,board_frequency_quantity_int16_kHz,pic_version_quantity_int16_1,hardware_revision_quantity_int16_1,recorder_size_quantity_int16_bytes,velocity_range_category_int8_string_int8_1,firmware_version_array_quantity_string_1",,
CW_TEST,DICT57,,vel3d_cd_head_configuration,"PD7,PD10,PD11,PD16,PD470,PD471,PD472,PD473,PD474,PD475,PD476,PD477,PD478,PD863",PD7,"time_quantity_float64_seconds_since_1900-01-01,port_timestamp_quantity_float64_seconds_since_1900-01-01,driver_timestamp_quantity_float64_seconds_since_1900-01-01,preferred_timestamp_category_int8_string_int8_1,pressure_sensor_boolean_int8_1,magnetometer_sensor_boolean_int8_1,tilt_sensor_boolean_int8_1,tilt_sensor_mounting_category_int8_string_int8_1,head_frequency_quantity_int16_kHz,head_type_quantity_string_1,head_serial_number_quantity_string_1,system_data_quantity_string_1,number_beams_quantity_int16_1",,
CW_TEST,DICT58,,vel3d_cd_user_configuration,"PD7,PD10,PD11,PD16,PD479,PD480,PD481,PD482,PD483,PD484,PD485,PD478,PD487,PD488,PD489,PD490,PD491,PD492,PD493,PD494,PD495,PD496,PD497,PD498,PD499,PD500,PD501,PD502,PD503,PD504,PD505,PD506,PD507,PD508,PD509,PD510,PD511,PD512,PD513,PD514,PD515,PD516,PD517,PD518,PD519,PD520,PD521,PD522,PD523,PD526,PD525,PD527,PD528,PD529,PD530,PD531,PD532,PD533,PD534,PD863",PD7,"time_quantity_float64_seconds_since_1900-01-01,port_timestamp_quantity_float64_seconds_since_1900-01-01,driver_timestamp_quantity_float64_seconds_since_1900-01-01,preferred_timestamp_category_int8_string_int8_1,transmit_pulse_length_quantity_int16_counts,blanking_distance_quantity_int16_counts,receive_length_quantity_int16_counts,time_between_pings_quantity_int16_counts,time_between_bursts_quantity_int16_counts,number_pings_quantity_int16_1,average_interval_quantity_int16_sec,number_beams_quantity_int16_1,profile_type_category_int8_string_int8_1,mode_type_quantity_int8_1,power_level_tcm1_quantity_int8_1,power_level_tcm2_quantity_int8_1,sync_out_position_quantity_int8_1,sample_on_sync_quantity_int8_1,start_on_sync_quantity_int8_1,power_level_pcr1_quantity_int8_1,power_level_pcr2_quantity_int8_1,compass_update_rate_quantity_int16_Hz,coordinate_system_quantity_int8_1,number_cells_quantity_int16_1,cell_size_quantity_int16_m,measurement_interval_quantity_int16_sec,deployment_name_array_quantity_string_1,wrap_moder_quantity_int16_1,deployment_start_time_quantity_int8_1,diagnostics_interval_quantity_int32_sec,use_specified_sound_speed_boolean_int8_1,diagnostics_mode_enable_boolean_int8_1,analog_output_enable_boolean_int8_1,output_format_quantity_int8_1,scaling_quantity_int8_1,serial_output_enable_boolean_int8_1,stage_enable_boolean_int8_1,analog_power_output_boolean_int8_1,sound_speed_adjust_factor_quantity_int16_m_s_1,number_diagnostics_samples_quantity_int16_1,number_beams_per_cell_quantity_int16_1,number_pings_diagnostic_quantity_int16_1,use_dsp_filter_boolean_int8_1,filter_data_output_quantity_int8_1,analog_input_address_quantity_int16_1,software_version_quantity_int16_1,velocity_adjustment_factor_quantity_int16_1,file_comments_array_quantity_string_1,wave_data_rate_quantity_int8_Hz,wave_cell_position_quantity_int8_1,dynamic_position_type_quantity_int8_1,precent_wave_cell_position_quantity_int16_1,wave_transmit_pulse_quantity_int16_1,fixed_wave_blanking_distance_quantity_int16_counts,wave_measurement_cell_size_quantity_int16_m,number_diagnostics_per_wave_quantity_int16_1,number_samples_per_burst_quantity_int16_1,analog_scale_factor_quantity_int16_1,correlation_threshold_quantity_int16_1,transmit_pulse_length_quantity_int16_counts,filter_constants_quantity_int16_1",,
LC_TEST,DICT59,,luke_test,"PD7,PD6,PD26,PD863",PD7,,,
VOID,DICT60,,optaa_raw,"PD7,PD10,PD11,PD12,PD16,PD26,PD863",PD7,,,
CW_TEST,DICT61,,optaa_sample,"PD7,PD10,PD11,PD12,PD16,PD583,PD584,PD585,PD114,PD586,PD587,PD588,PD589,PD590,PD591,PD592,PD593,PD594,PD595,PD596,PD597,PD598,PD863",PD7,,,
CW_TEST,DICT62,,optaa_status,"PD7,PD10,PD11,PD12,PD16,PD599,PD293,PD600,PD601,PD603,PD863",PD7,,,
VOID,DICT63,,tmpsf_raw,"PD7,PD10,PD11,PD12,PD16,PD26,PD863",PD7,"time_quantity_float64_seconds_since_1900-01-01,port_timestamp_quantity_float64_seconds_since_1900-01-01,driver_timestamp_quantity_float64_seconds_since_1900-01-01,preferred_timestamp_category_int8_string_int8_1,raw_array_quantity_opaque_1",,
TMPSF,DICT64,,tmpsf_sample,"PD7,PD10,PD11,PD12,PD16,PD93,PD603,PD432,PD863",PD7,"time_quantity_float64_seconds_since_1900-01-01, port_timestamp_quantity_float64_seconds_since_1900-01-01, driver_timestamp_quantity_float64_seconds_since_1900-01-01, preferred_timestamp_category_int8_string_int8_1, date_time_string_array_quantity_str_1, temperature_array_quantity_float32_degC, battery_voltage_quantity_float32_V",,
TMPSF,DICT65,,tmpsf_engineering,"PD7,PD10,PD11,PD12,PD16,PD604,PD432,PD863",PD7,"time_quantity_float64_seconds_since_1900-01-01, port_timestamp_quantity_float64_seconds_since_1900-01-01, driver_timestamp_quantity_float64_seconds_since_1900-01-01, preferred_timestamp_category_int8_string_int8_1, tmpsf_cal_coeffs_array_quantity_float32_1, battery_voltage_quantity_float32_V",,
VEL3D_B,DICT67,,vel3d_b_sample,"PD7, PD10, PD11, PD12, PD16, PD93, PD535, PD536, PD537, PD538, PD539, PD540, PD541, PD440, PD542, PD543, PD437, PD438,PD863",PD7,,ready for review,
VEL3D_B,DICT68,,vel3d_b_engineering,"PD7, PD10, PD11, PD12, PD16, PD733, PD734, PD735, PD736, PD737, PD738, PD739, PD740, PD741,PD863",PD7,,ready for review,
BETA,DICT69,,presf_tide_converted,"PD7,PD95,PD863",PD7,,,
CW_TEST,DICT70,,adcp_pd0_earth_parsed,"PD698,PD654,PD655,PD656,PD657,PD650,PD651,PD652,PD653,PD709,PD658,PD659,PD728,PD729,PD724,PD725,PD726,PD727,PD720,PD721,PD722,PD723,PD621,PD620,PD623,PD622,PD625,PD624,PD627,PD626,PD629,PD628,PD710,PD719,PD718,PD632,PD633,PD630,PD631,PD636,PD637,PD634,PD635,PD638,PD639,PD743,PD701,PD609,PD608,PD607,PD606,PD605,PD687,PD686,PD685,PD684,PD683,PD682,PD681,PD680,PD689,PD688,PD12,PD11,PD10,PD16,PD618,PD619,PD711,PD610,PD611,PD612,PD613,PD614,PD615,PD616,PD617,PD690,PD691,PD692,PD693,PD694,PD695,PD696,PD697,PD7,PD699,PD731,PD648,PD715,PD714,PD717,PD716,PD669,PD668,PD713,PD664,PD667,PD666,PD661,PD660,PD663,PD662,PD708,PD785,PD706,PD707,PD704,PD705,PD702,PD703,PD678,PD679,PD676,PD677,PD674,PD675,PD672,PD673,PD670,PD671,PD863,PD730,PD732,PD649,PD877,PD700,PD643,PD642,PD641,PD640,PD647,PD646,PD645,PD644",PD7,,,
CW_TEST,DICT71,,adcp_pd12_parsed,"PD7,PD10,PD11,PD12,PD16,PD784,PD607,PD664,PD661,PD611,PD612,PD877,PD785,PD672,PD673,PD674,PD676,PD710,PD788,PD789,PD790,PD791,PD792,PD793,PD794,PD714,PD715,PD716,PD717,PD743,PD863",PD7,,,
CW_TEST,DICT72,,adcp_waves_parsed,"PD7,PD10,PD11,PD12,PD16,PD744,PD745,PD608,PD747,PD748,PD749,PD750,PD751,PD752,PD753,PD754,PD755,PD651,PD757,PD758,PD759,PD877,PD760,PD761,PD762,PD676,PD764,PD765,PD766,PD710,PD768,PD769,PD770,PD672,PD673,PD674,PD774,PD775,PD776,PD777,PD778,PD779,PD780,PD781,PD782,PD783,PD743,PD863",PD7,,,
CW_TEST,DICT73,,adcp_compass_calibration,"PD7,PD10,PD11,PD16,PD795,PD796,PD797,PD798,PD799,PD800,PD801,PD802,PD881,PD803,PD804,PD805,PD806,PD863",PD7,,,
CW_TEST,DICT74,,adcp_system_configuration,"PD7,PD10,PD11,PD16,PD312,PD807,PD808,PD809,PD810,PD811,PD812,PD813,PD814,PD815,PD816,PD817,PD818,PD819,PD820,PD821,PD822,PD823,PD824,PD825,PD826,PD827,PD828,PD863",PD7,,,
CW_TEST,DICT75,,vel3d_cd_data_header,"PD7,PD10,PD11,PD12,PD16,PD93,PD571,PD572,PD573,PD574,PD575,PD576,PD577,PD863",PD7,,,
CW_TEST,DICT76,,vel3d_cd_velocity_data,"PD7,PD10,PD11,PD16,PD547,PD548,PD549,PD550,PD551,PD552,PD553,PD554,PD555,PD556,PD557,PD558,PD559 ,PD863",PD7,,,
CW_TEST,DICT77,,vel3d_cd_system_data,"PD7,PD10,PD11,PD12,PD16,PD93,PD432,PD562,PD436,PD437,PD438,PD440,PD567,PD568,PD569,PD863",PD7,,,
CW_TEST,DICT78,,vel3d_cd_clock_data,"PD7,PD10,PD11,PD12,PD16,PD829,PD830,PD863",PD7,,,
CW_TEST,DICT79,,vel3d_cd_battery_voltage,"PD7,PD10,PD11,PD16,PD831,PD863",PD7,,,
CW_TEST,DICT80,,vel3d_cd_identification_string,"PD7,PD10,PD11,PD16,PD832,PD863",PD7,,,
CW_TEST,DICT81,,velpt_clock_data,"PD7,PD10,PD11,PD12,PD16,PD829,PD830,PD863",PD7,,,
CW_TEST,DICT82,,velpt_battery_voltage,"PD7,PD10,PD11,PD16,PD831,PD863",PD7,,,
CW_TEST,DICT83,,velpt_identification_string,"PD7,PD10,PD11,PD16,PD832,PD863",PD7,,,
BETA,DICT84,,presf_wave_burst,"PD7,PD10,PD11,PD12,PD16,PD93,PD96,PD833,PD863",PD7,,,
BETA,DICT85,,presf_wave_statistics,"PD7,PD10,PD11,PD16,PD97,PD98,PD99,PD100,PD101,PD102,PD103,PD104,PD105,PD106,PD107,PD108,PD109,PD110,PD111,PD112,PD863",PD7,,,
BETA,DICT86,,prest_l1_pressure,"PD7,PD95,PD863",PD7,,,
SP_TEST,DICT87,,botpt_nano_sample,"PD7,PD10,PD11,PD12,PD16, PD837, PD838, PD93, PD848, PD843,PD863",PD7,,,
SP_TEST,DICT88,,botpt_lily_sample,"PD7,PD10,PD11,PD12,PD16, PD837, PD93, PD839, PD840, PD841, PD849, PD842, PD312,PD863",PD7,,,
SP_TEST,DICT89,,botpt_iris_sample,"PD7,PD10,PD11,PD12,PD16, PD837, PD93, PD846, PD847, PD850, PD312,PD863",PD7,,,
SP_TEST,DICT90,,botpt_heat_sample,"PD7,PD10,PD11,PD12,PD16, PD837, PD93, PD844, PD845, PD851,PD863",PD7,,,
BETA,DICT91,,ctdbp_cdef_L0,"PD7,PD193,PD194,PD195,PD863",PD7,,,
BETA,DICT92,,ctdbp_cdef_L1,"PD7,PD6,PD1,PD2,PD863",PD7,,,
BETA,DICT93,,ctdbp_cdef_L2_pracsal,"PD7,PD3,PD863",PD7,,,
BETA,DICT94,,ctdbp_cdef_L2_density,"PD7,PD5,PD863",PD7,,,
LC_TEST,DICT95,,sbe37_L0_test,"PD7,PD8,PD9,PD857,PD858,PD859,PD863",PD7,,,
LC_TEST,DICT96,,sbe37_L1_test,"PD7,PD8,PD9,PD854,PD855,PD856,PD863",PD7,,,
LC_TEST,DICT97,,sbe37_LC_TEST,"PD7,PD8,PD9,PD857,PD858,PD859,PD854,PD855,PD856,PD860,PD861,PD862,PD863",PD7,,,
LC_TEST,DICT98,,ctd_LC_TEST,"PD17,PD866,PD864,PD863,PD10,PD2,PD8,PD11,PD1,PD16,PD6,PD868,PD865,PD9,PD867,PD12,PD7,PD897,PD894,PD895,PD896",PD7,"internal_timestamp,temp,preferred_timestamp,salinity,time,port_timestamp,ingestion_timestamp,quality_flag,temp_L1,lat,conductivity,driver_timestamp,conductivity_L1,pressure_L1,lon,pressure,density",,
SP_TEST,DICT99,,vel3d_b_L0,"PD7, PD539, PD540, PD541 , PD863",PD7,,ready for review,
SP_TEST,DICT100,,vel3d_b_L1,"PD7, PD878, PD879, PD880 , PD863",PD7,,ready for review,
SP_TEST,DICT101,,ctdbp_no_L0,,PD7,,,Not Ready
SP_TEST,DICT102,,ctdbp_no_L1,,PD7,,,Not Ready
TMPSF,DICT103,,tmpsf_L1,"PD7, PD603, PD863",PD7,,ready for review,
LC_TEST,DICT104,,lookup_value_test,"PD7,PD6,PD889,PD893,PD863",PD7,,,
LC_TEST,DICT105,,lookup_value_static_test,"PD7,PD890,PD863",PD7,,,
LC_TEST,DICT106,,explicit_lookup_value,"PD7,PD892,PD863,PD894",PD7,,,
LC_TEST,DICT107,,global_range_ctp,"PD7,PD894,PD895,PD896,PD863",PD7,,,
CW_TEST,DICT108,,adcp_pd0_beam_parsed,"PD698,PD654,PD655,PD656,PD657,PD650,PD651,PD652,PD653,PD709,PD658,PD659,PD728,PD724,PD725,PD726,PD727,PD720,PD721,PD722,PD723,PD621,PD620,PD623,PD622,PD625,PD624,PD627,PD626,PD629,PD628,PD710,PD719,PD718,PD632,PD633,PD630,PD631,PD636,PD637,PD634,PD635,PD638,PD639,PD743,PD701,PD609,PD608,PD607,PD606,PD605,PD687,PD686,PD685,PD684,PD683,PD682,PD681,PD680,PD689,PD688,PD12,PD11,PD10,PD16,PD618,PD619,PD711,PD610,PD611,PD612,PD613,PD614,PD615,PD616,PD617,PD690,PD691,PD692,PD693,PD694,PD695,PD696,PD697,PD7,PD699,PD876,PD648,PD871,PD669,PD668,PD713,PD664,PD667,PD666,PD661,PD660,PD663,PD662,PD708,PD785,PD706,PD707,PD704,PD705,PD702,PD703,PD678,PD679,PD676,PD677,PD674,PD675,PD672,PD673,PD670,PD671,PD869,PD863,PD874,PD875,PD649,PD877,PD870,PD700,PD872,PD873,PD643,PD642,PD641,PD640,PD647,PD646,PD645,PD644",PD7,,,
BETA,DICT109,,ctd_external_dataset,"PD7, PD10, PD11, PD12, PD16, PD193, PD194, PD195, PD196, PD835, PD836, PD197, PD198,PD863",PD7,"time_quantity_float64_seconds_since_1900-01-01, port_timestamp_quantity_float64_seconds_since_1900-01-01, driver_timestamp_quantity_float64_seconds_since_1900-01-01, preferred_timestamp_category_int8_string_int8_1, temperature_quantity_int32_counts, conductivity_quantity_int32_counts, pressure_quantity_int32_counts, pressure_temp_quantity_int32_counts, oxygen_quantity_int32_counts, ctd_time_quantity_int32_s",,
NOSE,NDICT1,,nose_acm_external,"PD7, NPD1, NPD2, NPD3, NPD4, NPD5, NPD6, NPD7, NPD8, NPD9, NPD10",PD7,,,NOT A VALID DICT ID